Words,Freq
乙,0.9403650550369236
 诺,0.9403650550369236
 水痘,0.9403650550369236
冠肺炎 ,0.9403650550369236
肠道,0.9403650550369236
病种,0.9403650550369236
中医药,0.9403650550369236
发热,0.9403650550369236
传染,0.9403650550369236
讲座 ,0.9403650550369236
流行学,0.9403650550369236
地方病,0.9403650550369236
样本,0.9403650550369236
防治所,0.9403650550369236
实验室 ,0.9403650550369236
SARS,0.9403650550369236
障碍,0.9403650550369236
流调,0.9403650550369236
准,0.9403650550369236
危重症,0.9403650550369236
判,0.9403650550369236
 肺结核,0.9403650550369236
流行区,0.9403650550369236
法治,0.9403650550369236
流感 ,0.9403650550369236
 禽流感,0.9403650550369236
新冠  ,0.9403650550369236
遗传学,0.9403650550369236
鼠疫 ,0.9403650550369236
畏寒 ,0.9403650550369236
免疫,0.9403650550369236
复课,0.9403650550369236
5月 ,0.9403650550369236
医生云,0.9403650550369236
新法,0.9403650550369236
议院,0.9403650550369236
肺结核,0.9403650550369236
 炭疽,0.9403650550369236
司法厅,0.9403650550369236
潜伏期,0.9403650550369236
防疫法,0.9403650550369236
病死率,0.9403650550369236
猫瘟,0.9403650550369236
医学院,0.9403650550369236
宿主,0.9403650550369236
禁毒,0.9403650550369236
中小,0.9403650550369236
传染病学,0.9403650550369236
异常,0.9403650550369236
口罩 ,0.9403650550369236
感冒 ,0.9403650550369236
道传,0.9403650550369236
暮春,0.9403650550369236
流行病,0.9403650550369236
体育局,0.9403650550369236
甲,0.9403650550369236
消毒,0.9403650550369236
流行性,0.9403650550369236
唾液,0.9403650550369236
机关 ,0.9403650550369236
大礼堂,0.9403650550369236
任主任,0.9403650550369236
脊灰,0.9403650550369236
共同体,0.9403650550369236
孩子们,0.9403650550369236
德阳,0.9403650550369236
卫健委 ,0.9403650550369236
空间站,0.9403650550369236
基因组,0.9403650550369236
重症,0.9403650550369236
标兵,0.9403650550369236
天花 ,0.9403650550369236
 艾滋病,0.9403650550369236
肺炎 ,0.9403650550369236
蚊媒,0.9403650550369236
诊治,0.9403650550369236
H1N1,0.9403650550369236
乙肝,0.9403650550369236
死亡数,0.9403650550369236
梅毒 ,0.9403650550369236
肺结核 ,0.9403650550369236
美容,0.9403650550369236
过敏症,0.9403650550369236
协同 ,0.9403650550369236
计生,0.9403650550369236
梅毒,0.9403650550369236
低热 ,0.9403650550369236
学分会,0.9403650550369236
医学会,0.9403650550369236
感染科,0.9403650550369236
质控,0.9403650550369236
小儿,0.9403650550369236
结核 ,0.9403650550369236
手足,0.9403650550369236
臀口处,0.9403650550369236
检疫,0.9403650550369236
轻型,0.9403650550369236
发病 ,0.9403650550369236
出疹,0.9403650550369236
斑丘疹 ,0.9403650550369236
口腔 ,0.9403650550369236
手足处,0.9403650550369236
疟,0.9403650550369236
重症 ,0.9403650550369236
预言 ,0.9403650550369236
灾难片,0.9403650550369236
评论家,0.9403650550369236
讲坛 ,0.9403650550369236
预言,0.9403650550369236
进出境,0.9403650550369236
纵横 ,0.9403650550369236
证词,0.9403650550369236
出汗  ,0.9403650550369236
提案 ,0.9403650550369236
肾脏病,0.9403650550369236
总医院,0.9403650550369236
 JAM,0.9403650550369236
 持久性,0.9403650550369236
细化 ,0.9403650550369236
医疗机,0.9403650550369236
接触者,0.9403650550369236
完善 ,0.9403650550369236
传染 ,0.9403650550369236
专条,0.9403650550369236
传染病学家,0.9403650550369236
发冷 ,0.9403650550369236
兄弟 ,0.9403650550369236
烈性,0.9403650550369236
黑死病 ,0.9403650550369236
止境,0.9403650550369236
征收,0.9403650550369236
审视 ,0.9403650550369236
征用,0.9403650550369236
感染率,0.9403650550369236
大局,0.9403650550369236
角度 ,0.9403650550369236
武汉人,0.9403650550369236
外省,0.9403650550369236
种族,0.9403650550369236
人类史,0.9403650550369236
手术室,0.9403650550369236
床位,0.9403650550369236
监护,0.9403650550369236
外膜,0.9403650550369236
肺氧合 ,0.9403650550369236
权力,0.9403650550369236
ECMO  ,0.9403650550369236
负压,0.9403650550369236
 毒力,0.9403650550369236
叮咬,0.9403650550369236
蚊,0.9403650550369236
肺结核  ,0.9403650550369236
98 35  ,0.9403650550369236
艾滋病 ,0.9403650550369236
 淋病 ,0.9403650550369236
 梅毒 肺结核,0.9403650550369236
P3,0.9403650550369236
有效率,0.9403650550369236
免疫  ,0.9403650550369236
 大考,0.9403650550369236
草案 ,0.9403650550369236
视点 ,0.9403650550369236
直报,0.9403650550369236
皮肤病 ,0.9403650550369236
根除,0.9403650550369236
 天花,0.9403650550369236
主导,0.9403650550369236
大讲坛 ,0.9403650550369236
 军方 ,0.9403650550369236
印度人,0.9403650550369236
福利部,0.9403650550369236
狂犬病 ,0.9403650550369236
感染 ,0.9403650550369236
人兽,0.9403650550369236
黏膜,0.9403650550369236
潜伏期 ,0.9403650550369236
 厅,0.9403650550369236
 厅长,0.9403650550369236
短短,0.9403650550369236
刑 ,0.9403650550369236
位,0.9403650550369236
主办方,0.9403650550369236
 各地,0.9403650550369236
 白喉,0.9403650550369236
 痢疾,0.9403650550369236
麻疹 ,0.9403650550369236
伤寒,0.9403650550369236
帽子 ,0.9403650550369236
隔离衣,0.9403650550369236
接种率,0.9403650550369236
战时,0.9403650550369236
 人毒,0.9403650550369236
建国,0.9403650550369236
 传染病,0.9403650550369236
必要性,0.9403650550369236
委托 ,0.9403650550369236
出血热 ,0.9403650550369236
霍乱 黄热病,0.9403650550369236
 寨卡,0.9403650550369236
基孔肯雅热,0.9403650550369236
病毒病,0.9403650550369236
入境,0.9403650550369236
海关,0.9403650550369236
 婴,0.9403650550369236
肝炎 ,0.9403650550369236
进步奖,0.9403650550369236
白衣,0.9403650550369236
天使,0.9403650550369236
巾帼,0.9403650550369236
建功,0.9403650550369236
精武,0.9403650550369236
夜班 ,0.9403650550369236
功,0.9403650550369236
奖章,0.9403650550369236
重大办,0.9403650550369236
副,0.9403650550369236
成文,0.9403650550369236
组配,0.9403650550369236
艺厅,0.9403650550369236
教体,0.9403650550369236
 猩红热 ,0.9403650550369236
淋病,0.9403650550369236
开学季,0.9403650550369236
 学生,0.9403650550369236
教委 ,0.9403650550369236
居室,0.9403650550369236
秋冬季,0.9403650550369236
 内科,0.9403650550369236
病原菌 ,0.9403650550369236
统计学,0.9403650550369236
 机房,0.9403650550369236
 教室,0.9403650550369236
繁殖,0.9403650550369236
减少,0.9403650550369236
 SARS  人,0.9403650550369236
 风疹,0.9403650550369236
脑膜炎 ,0.9403650550369236
 肺炎 ,0.9403650550369236
国界,0.9403650550369236
影响国,0.9403650550369236
肺炭疽,0.9403650550369236
酸痛,0.9403650550369236
关节,0.9403650550369236
肌肉,0.9403650550369236
头痛,0.9403650550369236
病急 ,0.9403650550369236
 MERS ,0.9403650550369236
H7N9,0.9403650550369236
特等,0.9403650550369236
蚊 蝇,0.9403650550369236
病人 ,0.9403650550369236
染病,0.9403650550369236
 将士,0.9403650550369236
总干事,0.9403650550369236
死亡人,0.9403650550369236
流行 10 ,0.9403650550369236
 长三角,0.9403650550369236
 可,0.9403650550369236
血管,0.9403650550369236
生化,0.9403650550369236
总医官,0.9403650550369236
留验 隔离 ,0.9403650550369236
放行,0.9403650550369236
留检,0.9403650550369236
脑,0.9403650550369236
医学家,0.9403650550369236
亮点,0.9403650550369236
专项 ,0.9403650550369236
外衣,0.9403650550369236
登革热,0.9403650550369236
蠕虫,0.9403650550369236
百日咳,0.9403650550369236
 麻疹 ,0.9403650550369236
中毒,0.9403650550369236
 蚊媒,0.9403650550369236
 coli,0.9403650550369236
 epidemiology,0.9403650550369236
 associations,0.9403650550369236
项目组,0.9403650550369236
保护主义,0.9403650550369236
方便,0.9403650550369236
散播,0.9403650550369236
传染病法,0.9403650550369236
外科,0.9403650550369236
诞辰,0.9403650550369236
   肺结核 ,0.9403650550369236
鬼门关,0.9403650550369236
患病 ,0.9403650550369236
疗法 ,0.9403650550369236
瞒报 ,0.9403650550369236
主任医师,0.9403650550369236
地坛,0.9403650550369236
追疫人,0.9403650550369236
喷嚏声,0.9403650550369236
音频,0.9403650550369236
气,0.9403650550369236
隔离区,0.9403650550369236
宾,0.9403650550369236
景象 ,0.9403650550369236
修订 ,0.9403650550369236
适用,0.9403650550369236
认识,0.9403650550369236
沿革,0.9403650550369236
妨害,0.9403650550369236
争议 ,0.9403650550369236
套包 ,0.9403650550369236
 防控,0.9403650550369236
季节性,0.9403650550369236
 病人,0.9403650550369236
病例 ,0.9403650550369236
单价,0.9403650550369236
发达 ,0.9403650550369236
组织制,0.9403650550369236
 四早 ,0.9403650550369236
耗材,0.9403650550369236
瘟疫,0.9403650550369236
副主任医师,0.9403650550369236
同时 ,0.9403650550369236
领悟,0.9403650550369236
传染病科,0.9403650550369236
记者 ,0.9403650550369236
 病毒,0.9403650550369236
 传染,0.9403650550369236
拘役 ,0.9403650550369236
复杂,0.9403650550369236
人性,0.9403650550369236
渺小,0.9403650550369236
灾难片 ,0.9403650550369236
自保 ,0.9403650550369236
要员,0.9403650550369236
国难财 ,0.9403650550369236
乘机,0.9403650550369236
公知,0.9403650550369236
318  ,0.9403650550369236
问 ,0.9403650550369236
曲线  ,0.9403650550369236
 根,0.9403650550369236
律师团,0.9403650550369236
修脚店,0.9403650550369236
器械,0.9403650550369236
修脚,0.9403650550369236
打耳洞,0.9403650550369236
纹眉 ,0.9403650550369236
纹身 ,0.9403650550369236
母婴,0.9403650550369236
血液,0.9403650550369236
艾滋 ,0.9403650550369236
 附,0.9403650550369236
 宗教,0.9403650550369236
兴旺,0.9403650550369236
调集,0.9403650550369236
义务 ,0.9403650550369236
开幕 ,0.9403650550369236
丙肝,0.9403650550369236
疾控局,0.9403650550369236
传染病区,0.9403650550369236
平房 ,0.9403650550369236
院落,0.9403650550369236
弯 ,0.9403650550369236
哲学,0.9403650550369236
卫生服,0.9403650550369236
乙肝 ,0.9403650550369236
95 81  ,0.9403650550369236
淋病 ,0.9403650550369236
 乙肝 ,0.9403650550369236
痢疾 ,0.9403650550369236
 布病,0.9403650550369236
甲类,0.9403650550369236
 丙类,0.9403650550369236
 麻疹,0.9403650550369236
保健,0.9403650550369236
身心,0.9403650550369236
春游,0.9403650550369236
保护率,0.9403650550369236
 经验,0.9403650550369236
班  ,0.9403650550369236
保费,0.9403650550369236
宫颈,0.9403650550369236
宫颈癌,0.9403650550369236
遗传病,0.9403650550369236
安全法,0.9403650550369236
过敏,0.9403650550369236
变异株,0.9403650550369236
数,0.9403650550369236
预防所,0.9403650550369236
长假,0.9403650550369236
116 ,0.9403650550369236
 科兴,0.9403650550369236
习俗,0.9403650550369236
 猪肉,0.9403650550369236
禁忌,0.9403650550369236
着地,0.9403650550369236
电掣,0.9403650550369236
噪音,0.9403650550369236
鼾声,0.9403650550369236
一室 ,0.9403650550369236
失眠,0.9403650550369236
 如,0.9403650550369236
用具,0.9403650550369236
疱疹液,0.9403650550369236
水痘 ,0.9403650550369236
猫瘟 ,0.9403650550369236
小说法,0.9403650550369236
 粪便 ,0.9403650550369236
出台 ,0.9403650550369236
食用,0.9403650550369236
野味,0.9403650550369236
儿科,0.9403650550369236
 流感 ,0.9403650550369236
家长们,0.9403650550369236
复苏 ,0.9403650550369236
万物,0.9403650550369236
词  ,0.9403650550369236
 文  号   ,0.9403650550369236
废止,0.9403650550369236
 04 19  ,0.9403650550369236
 04 19 名  称  ,0.9403650550369236
点火 ,0.9403650550369236
 生成,0.9403650550369236
会区,0.9403650550369236
甲烷 液,0.9403650550369236
 氢气 ,0.9403650550369236
 炭疽杆菌,0.9403650550369236
盐酸,0.9403650550369236
 硫酸 ,0.9403650550369236
氰化物,0.9403650550369236
爆竹 ,0.9403650550369236
 烟花,0.9403650550369236
主讲人,0.9403650550369236
 疱疹液,0.9403650550369236
 粪便,0.9403650550369236
讲堂 ,0.9403650550369236
讲堂,0.9403650550369236
华诞 ,0.9403650550369236
 花,0.9403650550369236
恶习,0.9403650550369236
体寒,0.9403650550369236
身边人,0.9403650550369236
大夫,0.9403650550369236
全家,0.9403650550369236
易,0.9403650550369236
玩具 ,0.9403650550369236
毛巾 ,0.9403650550369236
起爆,0.9403650550369236
导火索,0.9403650550369236
出没,0.9403650550369236
涮羊肉,0.9403650550369236
涮羊肉 ,0.9403650550369236
使徒,0.9403650550369236
使徒 ,0.9403650550369236
冒险家,0.9403650550369236
 水疱,0.9403650550369236
粘膜,0.9403650550369236
 1,0.9403650550369236
交替,0.9403650550369236
雷管 ,0.9403650550369236
本法,0.9403650550369236
检疫 ,0.9403650550369236
稿约,0.9403650550369236
竞合,0.9403650550369236
 烫,0.9403650550369236
嚼劲,0.9403650550369236
就医 ,0.9403650550369236
分泌物,0.9403650550369236
表  1 ,0.9403650550369236
考勤,0.9403650550369236
 动植物,0.9403650550369236
班会,0.9403650550369236
学区,0.9403650550369236
初中生,0.9403650550369236
老区,0.9403650550369236
对症,0.9403650550369236
头痛 肌痛,0.9403650550369236
衣原体,0.9403650550369236
支原体,0.9403650550369236
 病毒 ,0.9403650550369236
 咽喉,0.9403650550369236
气管,0.9403650550369236
鼻腔 ,0.9403650550369236
胶东,0.9403650550369236
开学,0.9403650550369236
变更,0.9403650550369236
 暖心,0.9403650550369236
洗手 ,0.9403650550369236
佩戴,0.9403650550369236
 金,0.9403650550369236
蜱种,0.9403650550369236
蜱媒,0.9403650550369236
蜱,0.9403650550369236
药效,0.9403650550369236
消媒所,0.9403650550369236
媒介室,0.9403650550369236
控制所,0.9403650550369236
结核,0.9403650550369236
普及 ,0.9403650550369236
健康局,0.9403650550369236
 法宝  ,0.9403650550369236
喷嚏 ,0.9403650550369236
流行季,0.9403650550369236
测序 ,0.9403650550369236
职业病,0.9403650550369236
合同法,0.9403650550369236
劳动法 ,0.9403650550369236
生产法,0.9403650550369236
 保健,0.9403650550369236
校医,0.9403650550369236
近视,0.9403650550369236
 肺结核 ,0.9403650550369236
勤,0.9403650550369236
 精准,0.9403650550369236
子预案,0.9403650550369236
消毒所,0.9403650550369236
细菌病,0.9403650550369236
目标值,0.9403650550369236
规划署,0.9403650550369236
集散,0.9403650550369236
腮腺炎 ,0.9403650550369236
最高峰 ,0.9403650550369236
宪法,0.9403650550369236
普法,0.9403650550369236
个人篇,0.9403650550369236
工友,0.9403650550369236
结核病 ,0.9403650550369236
大学生 ,0.9403650550369236
横行 ,0.9403650550369236
霍乱,0.9403650550369236
教体局,0.9403650550369236
 内防,0.9403650550369236
输入,0.9403650550369236
 外防,0.9403650550369236
 干,0.9403650550369236
不良 ,0.9403650550369236
聚集,0.9403650550369236
室外 ,0.9403650550369236
转冷 ,0.9403650550369236
修法,0.9403650550369236
登记,0.9403650550369236
抗原,0.9403650550369236
暴发期,0.9403650550369236
 易感,0.9403650550369236
死亡率,0.9403650550369236
注射 ,0.9403650550369236
疫苗者,0.9403650550369236
监狱,0.9403650550369236
监区,0.9403650550369236
防治罪,0.9403650550369236
冠 ,0.9403650550369236
 疾病,0.9403650550369236
思维加,0.9403650550369236
忧患,0.9403650550369236
基石,0.9403650550369236
流通 ,0.9403650550369236
存活 ,0.9403650550369236
信任,0.9403650550369236
CDC,0.9403650550369236
 CDC ,0.9403650550369236
Walensky ,0.9403650550369236
博士 ,0.9403650550369236
监制,0.9403650550369236
编审丨,0.9403650550369236
毒品,0.9403650550369236
副结核病,0.9403650550369236
产气荚膜梭菌,0.9403650550369236
鼻气管炎 ,0.9403650550369236
脑病,0.9403650550369236
 牛海绵状,0.9403650550369236
   1  ,0.9403650550369236
寄生虫,0.9403650550369236
  动物,0.9403650550369236
传染病 ,0.9403650550369235
流感,0.9403650550369235
疟疾,0.9403650550369235
艾滋病,0.9403650550369235
病原体,0.9403650550369235
腹泻,0.9403650550369235
发病数,0.9403650550369235
肝炎,0.9403650550369235
手足口病,0.9403650550369235
天花,0.9403650550369235
水痘,0.9403650550369235
症状,0.9403650550369235
麻疹,0.9403650550369235
感染者,0.9403650550369235
发热 ,0.9403650550369235
腮腺炎,0.9403650550369235
 水痘 ,0.9403650550369235
血防,0.9403650550369235
荨麻疹,0.9403650550369235
结核病,0.9403650550369235
疱疹,0.9403650550369235
刑法,0.9403650550369235
飞沫,0.9403650550369235
 牛,0.9403650550369235
寨卡,0.9403650550369235
临床,0.9403650550369235
斑丘疹,0.9403650550369235
检疫法,0.9403650550369235
国境,0.9403650550369235
区分,0.9403650550369235
乙类,0.9403650550369235
杀手,0.9403650550369235
条款,0.9403650550369235
 流感,0.9403650550369235
咳嗽,0.9403650550369235
疫苗 ,0.9403650550369235
大会 ,0.9403650550369235
狂犬病,0.9403650550369235
传染源,0.9403650550369235
流行病学,0.9403650550369235
病媒,0.9403650550369235
传染病,0.9398212713442511
医学,0.9373833077887698
呼吸道,0.9353954762900005
卫健委,0.9346855364690115
神经,0.9337389500410261
疾控,0.9324137290418466
感冒,0.9318457771850555
疾病,0.9304258975430775
发病率,0.9304258975430775
鼠疫,0.9284380660443081
病毒 ,0.9284380660443081
医师,0.9254563187961544
境外,0.9254563187961544
癌症,0.9254563187961544
律师,0.9254563187961544
流行 ,0.9224745715480006
发病,0.9204867400492314
草案,0.9204867400492314
动植物,0.9204867400492314
疾病 ,0.9204867400492314
世卫,0.9204867400492314
肆虐 ,0.9204867400492314
呼吸,0.9204867400492314
肿瘤,0.9204867400492314
防治法,0.9196224654845491
法 ,0.9165110770516929
感染,0.9148072214813193
校园,0.9105475825553853
隔离 ,0.9105475825553851
海量,0.9105475825553851
  1,0.9105475825553851
暴发,0.9105475825553851
接触,0.9105475825553851
传播 ,0.9105475825553851
修正案,0.9105475825553851
命运,0.9105475825553851
官微,0.9105475825553851
病床,0.9105475825553851
机体,0.9105475825553851
日期,0.9105475825553851
习惯,0.9105475825553851
遗传,0.9105475825553851
警惕,0.9105475825553851
 04 ,0.9105475825553851
序列,0.9105475825553851
健康,0.9098541529627914
病毒,0.9082539308260361
儿童,0.9068203984951929
肺炎,0.9062879436294512
预防 ,0.9045840880590775
工程院,0.9030932144350008
健康 ,0.9006084250615392
必要,0.9006084250615392
科技部,0.9006084250615392
接种,0.8977686657775832
徒刑,0.8956388463146162
病,0.8956388463146162
流行,0.8956388463146162
传播,0.8949289064936271
疫情 ,0.8926570990664624
罪,0.8906692675676932
院士,0.8861514687068539
病例,0.8853174135325452
疫苗,0.8838687913876931
冠,0.880730110073847
猫,0.8807301100738469
解读,0.8807301100738469
例子,0.8807301100738469
病菌,0.8807301100738469
动态 ,0.8807301100738469
公布,0.8807301100738469
电影 ,0.8807301100738469
投入,0.8807301100738469
病房,0.8807301100738469
校,0.8807301100738469
简介 ,0.8807301100738469
评审,0.8807301100738469
管控 ,0.8807301100738469
保护法,0.8807301100738469
法制,0.8807301100738469
见效,0.8807301100738469
常态化,0.8807301100738469
屠杀,0.8807301100738469
不足,0.8807301100738469
可能 ,0.8807301100738469
副会长,0.8807301100738469
文明 ,0.8807301100738469
高发期,0.8807301100738469
阴影,0.8807301100738469
历史学家,0.8807301100738469
色,0.8807301100738469
溯源,0.8807301100738469
甲 ,0.8807301100738469
丙类,0.8807301100738469
分享,0.8807301100738469
平稳,0.8807301100738469
称号,0.8807301100738469
编号,0.8807301100738469
通告,0.8807301100738469
 肺,0.8807301100738469
邮件,0.8807301100738469
通风 ,0.8807301100738469
  三 ,0.8807301100738469
综合征,0.8807301100738469
赛区,0.8807301100738469
卫生局,0.8807301100738469
夫人,0.8807301100738469
帝国,0.8807301100738469
他国,0.8807301100738469
借鉴,0.8807301100738469
命令 ,0.8807301100738469
命令,0.8807301100738469
规定 ,0.8807301100738469
编者,0.8807301100738469
 对,0.8807301100738469
密度,0.8807301100738469
门 ,0.8807301100738469
非典,0.8807301100738469
防 ,0.8807301100738469
依据,0.8807301100738469
大事 ,0.8807301100738469
佳作,0.8807301100738469
能力 ,0.8807301100738469
省 ,0.8807301100738469
视野,0.8807301100738469
现实 ,0.8807301100738469
人人,0.8807301100738469
居家,0.8807301100738469
辩护,0.8807301100738469
错误,0.8807301100738469
性,0.8807301100738469
解释,0.8807301100738469
术语,0.8807301100738469
封锁,0.8807301100738469
喜讯,0.8807301100738469
肺,0.8807301100738469
传言,0.8807301100738469
同学,0.8807301100738469
景色,0.8807301100738469
本 ,0.8807301100738469
春 ,0.8807301100738469
有效性,0.8807301100738469
生效,0.8807301100738469
手 ,0.8807301100738469
高中,0.8807301100738469
幻影,0.8807301100738469
港口 ,0.8807301100738469
制定,0.8807301100738469
修正 ,0.8807301100738469
规制,0.8807301100738469
规则,0.8807301100738469
制品,0.8807301100738469
微信号 ,0.8807301100738469
区融,0.8807301100738469
 其,0.8807301100738469
支气管,0.8807301100738469
校 ,0.8807301100738469
走访,0.8807301100738469
层次,0.8807301100738469
薪酬,0.8807301100738469
成就,0.8807301100738469
寒冷,0.8807301100738469
辈子,0.8807301100738469
问答,0.8807301100738469
制造商,0.8807301100738469
教导员,0.8807301100738469
 门窗,0.8807301100738469
白血病,0.8807301100738469
防疫,0.8722108322219789
救治,0.8722108322219789
卫生,0.8713140661323087
人群,0.8688031210812318
医疗,0.8608517950861548
生物,0.8590446755418192
患者,0.8590446755418192
控制,0.8564343917555566
家长,0.8509126375923087
情形,0.8509126375923087
周刊,0.8509126375923087
进步,0.8509126375923087
药物,0.8509126375923087
基因,0.8509126375923087
国外,0.8509126375923087
南北,0.8509126375923087
健康委,0.8466529986663747
师生,0.8427805996427984
漫画,0.8409734800984627
美国人,0.8409734800984627
纪念馆,0.8409734800984627
联邦,0.8409734800984627
冠肺炎,0.8394443789455632
预防,0.8360039013515397
防控,0.8326036632615397
人大,0.8265165237437775
疫情,0.8210951651107705
禽流感,0.8210951651107705
病 ,0.8210951651107705
医生,0.8210951651107705
法,0.8210951651107705
总工会,0.8210951651107705
医务,0.8210951651107705
专家 ,0.8210951651107705
策略,0.8210951651107705
人民网,0.8210951651107705
人体,0.8210951651107705
权利,0.8210951651107705
称,0.8210951651107705
短板 ,0.8210951651107705
饮食,0.8210951651107705
专科,0.8210951651107705
荣誉,0.8210951651107705
协同,0.8210951651107705
视频  ,0.8210951651107705
论文,0.8210951651107705
杂志,0.8210951651107705
传统,0.8210951651107705
社会 ,0.8210951651107705
1 ,0.8210951651107705
来袭,0.8210951651107705
生死,0.8210951651107705
苦 ,0.8210951651107705
冠疫苗,0.8210951651107705
医科,0.8210951651107705
立案,0.8210951651107705
路上,0.8210951651107705
体内,0.8210951651107705
观看 ,0.8210951651107705
根源,0.8210951651107705
边,0.8210951651107705
综合科,0.8210951651107705
炸药,0.8210951651107705
防护 ,0.8210951651107705
空气 ,0.8210951651107705
冷水,0.8210951651107705
冬季 ,0.8210951651107705
通风,0.8210951651107705
缓刑,0.8210951651107705
学校,0.8121499233663091
讲座,0.8012168501230783
疫病,0.7972411871255399
所长,0.7912776926292323
建议 ,0.7912776926292322
声,0.7912776926292322
食品,0.7912776926292322
揭牌,0.7912776926292322
群体,0.7912776926292322
恐怖,0.7912776926292322
国会,0.7912776926292322
总则,0.7912776926292322
法律,0.7885670133127288
总数,0.7853141981329246
案,0.7813385351353862
成员 ,0.7813385351353862
冠疫情,0.7793507036366171
途径,0.7763689563884631
医院,0.7753750406390785
身体,0.7733872091403093
 党,0.7614602201476941
常委会,0.761460220147694
立法,0.761460220147694
季节 ,0.761460220147694
青少年,0.761460220147694
罪 ,0.761460220147694
重灾区,0.761460220147694
看点,0.761460220147694
国债,0.761460220147694
观察,0.761460220147694
根本,0.761460220147694
营养,0.761460220147694
国内外,0.761460220147694
来势,0.761460220147694
海外,0.761460220147694
语言,0.761460220147694
中国 ,0.761460220147694
职务,0.761460220147694
因子,0.761460220147694
疏散 ,0.761460220147694
自媒体 ,0.761460220147694
要点,0.761460220147694
中方,0.761460220147694
X ,0.761460220147694
家族,0.761460220147694
听证会,0.761460220147694
门前,0.761460220147694
账号,0.761460220147694
陆地,0.761460220147694
同学们,0.761460220147694
 文,0.761460220147694
月 ,0.761460220147694
云,0.761460220147694
场,0.761460220147694
反弹,0.761460220147694
检测 ,0.761460220147694
高发,0.761460220147694
论坛,0.7495332311550787
季节,0.7444216644439579
完善,0.7415819051600019
规定,0.7397747856156662
被告人,0.7316427476661557
口罩,0.7316427476661557
传,0.7316427476661557
病人,0.7316427476661557
证明,0.7217035901723097
联防,0.7217035901723097
防治 ,0.7167340114253867
春季,0.7167340114253867
手段,0.7018252751846175
微生物,0.7018252751846175
时,0.7018252751846175
分类,0.7018252751846175
贸易,0.7018252751846175
  据,0.7018252751846175
斗争,0.7018252751846175
理论,0.7018252751846175
学院,0.7018252751846175
认知,0.7018252751846175
人才,0.7018252751846175
细菌,0.7018252751846175
商业,0.7018252751846175
区别,0.7018252751846175
联控,0.7018252751846175
顾问,0.7018252751846175
框架,0.7018252751846175
卫生 ,0.7018252751846175
董事长,0.7018252751846175
鉴定,0.7018252751846175
研发,0.7018252751846175
支持,0.7018252751846175
主 ,0.7018252751846175
  一 ,0.7018252751846175
门窗,0.7018252751846175
系,0.7018252751846175
鼠害,0.7018252751846175
平台 ,0.7018252751846175
年轻人,0.7018252751846175
首相,0.7018252751846175
字,0.7018252751846175
 凝冻 IV,0.7018252751846175
 凝冻 ,0.7018252751846175
日子,0.7018252751846175
外部,0.7018252751846175
题材,0.7018252751846175
上 ,0.7018252751846175
完整版,0.7018252751846175
确诊,0.7018252751846175
有效 ,0.7018252751846175
器材,0.7018252751846175
女人,0.7018252751846175
衣物,0.7018252751846175
行 ,0.7018252751846175
副主任,0.6909825579186036
 现,0.6898982861920023
防控 ,0.6869165389438484
屏障,0.6869165389438484
知识,0.684285585489595
恐慌 ,0.6819469601969254
上方,0.6819469601969254
 县,0.6819469601969254
前提,0.6819469601969254
室内,0.6819469601969254
教育,0.6794621708234638
动物,0.6794621708234638
类,0.6720078027030792
成员国,0.6720078027030792
支持 ,0.6720078027030792
古代,0.6720078027030792
APP,0.6720078027030792
官网,0.6720078027030792
直辖市,0.6620686452092331
主任 ,0.6620686452092331
林业,0.6620686452092331
病原,0.6541173192141563
创新,0.6496446983419256
主任,0.6473759776096345
行政,0.647159908968464
报告,0.6443201496845081
同时,0.642190330221541
范围 ,0.642190330221541
 人类,0.642190330221541
地下室,0.642190330221541
 外,0.642190330221541
 A区,0.642190330221541
口子,0.642190330221541
 B区,0.642190330221541
负担,0.642190330221541
贫,0.642190330221541
启动,0.642190330221541
市 ,0.642190330221541
卫健,0.642190330221541
皮肤 ,0.642190330221541
截图 ,0.642190330221541
幼儿,0.642190330221541
药品,0.642190330221541
备战 ,0.642190330221541
宿舍,0.642190330221541
凝冻 ,0.642190330221541
连线 ,0.642190330221541
覆盖,0.642190330221541
抓手,0.642190330221541
考评,0.642190330221541
绩效,0.642190330221541
 规范性,0.642190330221541
负责人 ,0.642190330221541
战斗 ,0.642190330221541
附则,0.642190330221541
小窗,0.642190330221541
标准 ,0.642190330221541
农药,0.642190330221541
劳动力,0.642190330221541
衰减式 ,0.642190330221541
可能性 ,0.642190330221541
强震仪,0.642190330221541
饥荒 ,0.642190330221541
疾疫,0.642190330221541
进军 ,0.642190330221541
大堤 ,0.642190330221541
老年人,0.642190330221541
大学,0.6362268357252334
委员 ,0.6272815939807719
代表,0.6183363522363104
机构,0.6123728577400027
以下,0.6123728577400027
专家组,0.6123728577400027
进,0.6123728577400027
稳定,0.6123728577400027
笔者,0.6123728577400027
保温,0.6123728577400027
安装,0.6123728577400027
关键,0.6123728577400027
移动,0.6123728577400027
审批,0.6123728577400027
 人,0.6024337002461567
进展,0.6024337002461567
科学院,0.5944823742510797
团队,0.5910746631103326
科技,0.5868150241843985
世纪,0.5825553852584645
抵抗力,0.5825553852584644
侵蚀,0.5825553852584644
公民,0.5825553852584644
 口蹄疫,0.5825553852584644
疫病 ,0.5825553852584644
区委,0.5825553852584644
血吸虫病,0.5825553852584644
建议,0.5825553852584644
总,0.5825553852584644
突破,0.5825553852584644
麻烦 ,0.5825553852584644
春,0.5825553852584644
愤怒,0.5825553852584644
启示,0.5825553852584644
总台,0.5825553852584644
解放军,0.5825553852584644
空间 ,0.5825553852584644
人群 ,0.5825553852584644
军人,0.5825553852584644
牢牢,0.5825553852584644
增产 ,0.5825553852584644
 减灾,0.5825553852584644
丰收 ,0.5825553852584644
提问,0.5825553852584644
 扫,0.5825553852584644
扫,0.5825553852584644
总基调 ,0.5825553852584644
根据,0.5825553852584644
稿件,0.5825553852584644
司局,0.5825553852584644
考虑,0.5825553852584644
 普查,0.5825553852584644
房山,0.5825553852584644
网   ,0.5825553852584644
图  ,0.5825553852584644
管理报,0.5825553852584644
增量,0.5825553852584644
协作,0.5825553852584644
剧情,0.5825553852584644
招宾馆,0.5825553852584644
会议厅,0.5825553852584644
抗御,0.5825553852584644
规律 ,0.5825553852584644
自然 ,0.5825553852584644
斗 ,0.5825553852584644
立场,0.5825553852584644
依托,0.5825553852584644
卫生部,0.5825553852584644
阳光,0.5825553852584644
俗话,0.5825553852584644
高峰期,0.5825553852584644
3 ,0.5825553852584644
变,0.5825553852584644
复查 ,0.5825553852584644
规划所,0.5825553852584644
农村厅 ,0.5825553852584644
结合 ,0.5825553852584644
巡排查,0.5825553852584644
查  ,0.5825553852584644
巡排,0.5825553852584644
符备战,0.5825553852584644
日军 ,0.5825553852584644
 地面,0.5825553852584644
 水文,0.5825553852584644
数量 ,0.5825553852584644
变电站 ,0.5825553852584644
排灌站,0.5825553852584644
村 村,0.5825553852584644
救,0.5825553852584644
圣文,0.5825553852584644
猛兽 ,0.5825553852584644
身亡,0.5825553852584644
开发区,0.5825553852584644
实验,0.5825553852584644
强 ,0.5825553852584644
教师,0.5825553852584644
大,0.5676466490176953
表现,0.5626770702707724
监督,0.5587014072732339
危险,0.5587014072732339
研究院,0.5527379127769262
教育局,0.5527379127769262
06 28 08 06 00,0.5527379127769262
端午节,0.5527379127769262
广告 ,0.5527379127769262
巡视员,0.5527379127769262
主体,0.5427987552830802
同比,0.5427987552830802
理念,0.5427987552830802
报告 ,0.5427987552830802
先生,0.5348474292880033
防护,0.5328595977892341
制度,0.527180079221322
报送,0.5229204402953881
航道,0.5229204402953881
期,0.522920440295388
地方 ,0.522920440295388
互动 ,0.522920440295388
教,0.522920440295388
装修,0.522920440295388
原则,0.522920440295388
体系 ,0.522920440295388
山塘,0.522920440295388
农贸,0.522920440295388
制度 ,0.522920440295388
兴趣,0.522920440295388
高峰,0.522920440295388
三文鱼,0.522920440295388
联席,0.522920440295388
下部,0.522920440295388
 岩,0.522920440295388
土体,0.522920440295388
碎屑,0.522920440295388
流,0.522920440295388
陡崖,0.522920440295388
农户 ,0.522920440295388
合作 ,0.522920440295388
晨 ,0.522920440295388
东西,0.522920440295388
挑战 ,0.522920440295388
比例,0.522920440295388
救护车,0.522920440295388
摄  ,0.522920440295388
规程,0.522920440295388
蓄滞洪区,0.522920440295388
资料 ,0.522920440295388
起步区,0.522920440295388
03 11 15 03 00,0.522920440295388
我部,0.522920440295388
际,0.522920440295388
工作厅,0.522920440295388
你厅,0.522920440295388
采访,0.522920440295388
国计民生,0.522920440295388
多 分布,0.522920440295388
发函 ,0.522920440295388
警觉 ,0.522920440295388
反应,0.522920440295388
空白区,0.522920440295388
盲点 ,0.522920440295388
疑点,0.522920440295388
航务,0.522920440295388
湖北,0.522920440295388
站址,0.522920440295388
国计民生 ,0.522920440295388
委 ,0.522920440295388
印章 ,0.522920440295388
行文 ,0.522920440295388
附件 ,0.522920440295388
 权威 ,0.522920440295388
传播者,0.522920440295388
制造者,0.522920440295388
奉献 ,0.522920440295388
大褂,0.522920440295388
 院长,0.522920440295388
信念 ,0.522920440295388
救人,0.522920440295388
行医 ,0.522920440295388
诊室,0.522920440295388
春节,0.522920440295388
相聚会,0.522920440295388
靠近,0.522920440295388
天象,0.522920440295388
纪实,0.522920440295388
高效 ,0.522920440295388
弦 ,0.522920440295388
存量,0.522920440295388
功能区,0.522920440295388
砂土,0.522920440295388
细节,0.522920440295388
液化,0.522920440295388
液化 ,0.522920440295388
杀手   ,0.522920440295388
发展 ,0.522920440295388
幼儿园,0.522920440295388
摸底,0.522920440295388
制定 ,0.522920440295388
尺度,0.522920440295388
思路 ,0.522920440295388
陷   裂隙 ,0.522920440295388
 喷砂   ,0.522920440295388
灾害区,0.522920440295388
异弯藻,0.522920440295388
证交所,0.522920440295388
 翻倍 ,0.522920440295388
死亡量,0.522920440295388
赤潮,0.522920440295388
产区,0.522920440295388
生产商,0.522920440295388
饥,0.522920440295388
枕道,0.522920440295388
 禾草,0.522920440295388
飞蝗,0.522920440295388
 旱灾 ,0.522920440295388
史书,0.522920440295388
史籍,0.522920440295388
自建房,0.522920440295388
个体,0.522920440295388
域内,0.522920440295388
大地,0.522920440295388
 土坡,0.522920440295388
 山坡,0.522920440295388
朋友 ,0.522920440295388
图1,0.522920440295388
善良 ,0.522920440295388
天性,0.522920440295388
邻国,0.522920440295388
 雨衣,0.522920440295388
电影,0.5080117040546189
体系,0.5039456850798637
发布会,0.5016222456657179
措施,0.49641602031179843
中心,0.49581364713035325
本土,0.4931029678138497
央视网,0.4931029678138497
火车,0.4931029678138497
储备,0.4931029678138497
互救,0.4931029678138497
 水库,0.4931029678138497
密集区,0.4931029678138497
物品,0.4931029678138497
准备 ,0.4931029678138497
天下,0.4931029678138497
高发期 ,0.4931029678138497
意识,0.4911151363150806
修订,0.4888433288879157
院,0.4781942315730806
死亡,0.4632854953323116
权属,0.46328549533231156
学生,0.46328549533231156
金砖,0.46328549533231156
卫生院,0.4632854953323115
预置,0.4632854953323115
院长,0.4632854953323115
示范村,0.4632854953323115
检测,0.4632854953323115
 852 ,0.4632854953323115
省海指,0.4632854953323115
食物,0.4632854953323115
专员,0.4632854953323115
后果,0.4632854953323115
 秒,0.4632854953323115
地矿,0.4632854953323115
统治者,0.4632854953323115
源头,0.4632854953323115
断道 ,0.4632854953323115
联 ,0.4632854953323115
消费者,0.4632854953323115
 寒潮  级,0.4632854953323115
 协调 ,0.4632854953323115
救援局,0.4632854953323115
省政,0.4632854953323115
群 ,0.4632854953323115
心,0.4632854953323115
风压,0.4632854953323115
平面,0.4632854953323115
风向,0.4632854953323115
测 ,0.4632854953323115
狂风 ,0.4632854953323115
财政部,0.4632854953323115
名,0.4632854953323115
规划 ,0.4632854953323115
救治 ,0.4632854953323115
配合,0.4632854953323115
值守 ,0.4632854953323115
通行,0.4632854953323115
习近,0.4632854953323115
概况,0.4632854953323115
作动员,0.4632854953323115
主持,0.4632854953323115
法律 ,0.4632854953323115
事业,0.4632854953323115
会上,0.4632854953323115
好友,0.4632854953323115
科教,0.4632854953323115
项,0.4632854953323115
管理署,0.4632854953323115
主席国,0.4632854953323115
指办,0.4632854953323115
回顾,0.4632854953323115
推演,0.4632854953323115
丰,0.4632854953323115
时光 ,0.4632854953323115
当地人,0.4632854953323115
 网易号 ,0.4632854953323115
 点  ,0.4632854953323115
肯定,0.4632854953323115
承揽,0.4632854953323115
矿产,0.4632854953323115
 号角,0.4632854953323115
防台,0.4632854953323115
南风,0.4632854953323115
风  级,0.4632854953323115
喻名团,0.4632854953323115
物体,0.4632854953323115
 分析,0.4632854953323115
交流 ,0.4632854953323115
赦免,0.4632854953323115
抚恤 ,0.4632854953323115
赈贷,0.4632854953323115
实物,0.4632854953323115
喷发区,0.4632854953323115
电台,0.4632854953323115
惨状,0.4632854953323115
天 ,0.4632854953323115
在线,0.4632854953323115
燃料 ,0.4632854953323115
公众号,0.4632854953323115
沟谷,0.4632854953323115
邦,0.4632854953323115
礼仪,0.4632854953323115
长 ,0.4632854953323115
声明 ,0.45334633783846545
机场,0.4513585063396962
计划,0.4483767590915424
培训班,0.4462469396285753
联播,0.44340718034461934
储备 ,0.44340718034461934
植物,0.44340718034461934
信息 ,0.4377276617767073
共和国,0.4361787021672768
专业,0.4334680228507733
    ,0.4334680228507733
 水利 ,0.4334680228507733
级别,0.4334680228507733
桌面,0.4334680228507733
小学,0.4334680228507733
地址,0.4334680228507733
意识 ,0.4334680228507733
灾 ,0.4334680228507733
防线,0.4334680228507733
赈济,0.4334680228507733
网上,0.4334680228507733
人类,0.43346802285077324
安置,0.4275045283544657
特点,0.4235288653569272
点,0.4235288653569272
培训会,0.41690276036102986
通知,0.4111049184896196
经验,0.40365055036923503
化肥 ,0.40365055036923503
副厅长,0.40365055036923503
处理,0.40365055036923503
应对,0.403650550369235
挑战,0.403650550369235
旱涝,0.403650550369235
 诸,0.403650550369235
图,0.403650550369235
地质局,0.403650550369235
治理点,0.403650550369235
邮箱,0.403650550369235
仪式,0.403650550369235
防治区,0.403650550369235
观测站,0.403650550369235
当下,0.403650550369235
平衡 ,0.403650550369235
 70人,0.403650550369235
税收 ,0.403650550369235
慰问电,0.403650550369235
冠病毒,0.403650550369235
大雾 ,0.403650550369235
值班点,0.403650550369235
影视,0.403650550369235
名义,0.403650550369235
人民 ,0.403650550369235
多雨区,0.403650550369235
内,0.403650550369235
收支,0.403650550369235
中原,0.403650550369235
墒情,0.403650550369235
强风,0.403650550369235
受灾  ,0.403650550369235
泥流 ,0.403650550369235
公,0.403650550369235
南下,0.403650550369235
治疗,0.403650550369235
调查局,0.403650550369235
亲人,0.403650550369235
核定,0.403650550369235
 水旱 ,0.403650550369235
指挥长,0.403650550369235
复工,0.403650550369235
提问 ,0.403650550369235
谋划,0.403650550369235
人身,0.403650550369235
城,0.403650550369235
时节,0.403650550369235
入汛 ,0.403650550369235
 利器,0.403650550369235
看护,0.403650550369235
好友 ,0.403650550369235
中学,0.403650550369235
科员,0.403650550369235
栏目组,0.403650550369235
中小学,0.403650550369235
科长,0.403650550369235
股室,0.403650550369235
防风,0.403650550369235
联络员,0.403650550369235
酒吧,0.403650550369235
温泉,0.403650550369235
存储,0.403650550369235
节选,0.403650550369235
题目,0.403650550369235
 响应 ,0.403650550369235
底层,0.403650550369235
电视 ,0.403650550369235
体重,0.403650550369235
反常,0.403650550369235
前沿,0.403650550369235
指指挥长,0.403650550369235
滑塌,0.403650550369235
后缘,0.403650550369235
镇防,0.403650550369235
丛书,0.403650550369235
人士们,0.403650550369235
苹果树,0.403650550369235
余款,0.403650550369235
保留,0.403650550369235
老白,0.403650550369235
村里人,0.403650550369235
苹果地,0.403650550369235
消耗 ,0.403650550369235
尾气,0.403650550369235
学术委,0.403650550369235
导师 ,0.403650550369235
博士生,0.403650550369235
鼠兔 ,0.403650550369235
行动 ,0.403650550369235
施工 ,0.403650550369235
兔 ,0.403650550369235
专家,0.3932792555930479
教授,0.38874181412846587
机制,0.3873864744702142
减灾 ,0.38377223538154287
文,0.3780927168136307
希望,0.37383307788769676
国民,0.37383307788769676
北风,0.37383307788769676
沙尘,0.37383307788769676
科,0.37383307788769676
运动,0.37383307788769676
黄土,0.37383307788769676
外 ,0.37383307788769676
优势,0.37383307788769676
安排,0.36786958339138914
调研组,0.36786958339138914
方式,0.36027968130517946
培训,0.35892434164692766
政协,0.35892434164692766
 一,0.3440156054061586
科学,0.34401560540615855
发生,0.34401560540615855
中,0.34401560540615855
冬季,0.34401560540615855
放假,0.34401560540615855
间 ,0.34401560540615855
棉花,0.34401560540615855
城郊,0.34401560540615855
决定,0.34401560540615855
规章,0.34401560540615855
差 ,0.34401560540615855
因素 ,0.34401560540615855
低温 ,0.34401560540615855
北方 ,0.34401560540615855
运行 ,0.34401560540615855
西方,0.34401560540615855
高空,0.34401560540615855
国家主席 ,0.34401560540615855
世界上,0.34401560540615855
答案,0.34401560540615855
风速,0.34401560540615855
身影,0.34401560540615855
要素,0.34401560540615855
高层,0.34401560540615855
实习生,0.34401560540615855
复产,0.34401560540615855
贫困,0.34401560540615855
在即 ,0.34401560540615855
推广站,0.34401560540615855
试验站,0.34401560540615855
湖,0.34401560540615855
火药,0.34401560540615855
沟通 ,0.34401560540615855
所,0.34401560540615855
救援司,0.34401560540615855
阳产,0.34401560540615855
立法科,0.34401560540615855
司法局,0.34401560540615855
专职,0.34401560540615855
605队 ,0.34401560540615855
冶金,0.34401560540615855
调队,0.34401560540615855
地质队,0.34401560540615855
地矿局,0.34401560540615855
实效 ,0.34401560540615855
避灾,0.34401560540615855
公众号 ,0.34401560540615855
天路滑 ,0.34401560540615855
代表 ,0.34401560540615855
 团,0.34401560540615855
市地质,0.34401560540615855
宣讲,0.34401560540615855
科考站,0.34401560540615855
修路,0.34401560540615855
键,0.34401560540615855
 六 ,0.34401560540615855
 四 ,0.34401560540615855
 三 ,0.34401560540615855
 二 ,0.34401560540615855
动图,0.34401560540615855
宣传册 ,0.34401560540615855
建房户,0.34401560540615855
支护,0.34401560540615855
光绪,0.34401560540615855
昼,0.34401560540615855
大黄风 ,0.34401560540615855
道光,0.34401560540615855
夜方,0.34401560540615855
坑堑,0.34401560540615855
迷途 ,0.34401560540615855
黑风 ,0.34401560540615855
岗,0.34401560540615855
研究站,0.34401560540615855
 收藏 ,0.34401560540615855
点赞 ,0.34401560540615855
居住,0.34401560540615855
早餐,0.34401560540615855
田坝里,0.34401560540615855
关注 ,0.34401560540615855
棉田,0.34401560540615855
出苗,0.34401560540615855
棉区,0.34401560540615855
模块 ,0.34401560540615855
旅行,0.34401560540615855
晴,0.34401560540615855
阵风,0.34401560540615855
阵雨,0.34401560540615855
阵地,0.34401560540615855
方式 ,0.34401560540615855
 互联网,0.34401560540615855
票 ,0.34401560540615855
前缘,0.34401560540615855
谣言 ,0.34401560540615855
旧址,0.34401560540615855
大路,0.34401560540615855
我市,0.34401560540615855
蓄水  据,0.34401560540615855
到,0.34401560540615855
 梅雨量,0.34401560540615855
巡查组,0.34401560540615855
  印发 ,0.34401560540615855
湖区,0.34401560540615855
 城区,0.34401560540615855
洪灾害,0.34401560540615855
货物,0.34401560540615855
协会,0.3440156054061585
风雹,0.3320886164135432
来源,0.3302536950300639
网,0.32910686916538934
赈灾,0.32910686916538934
场所,0.32910686916538934
应急局,0.32697704970242236
者,0.32413729041846634
讨论,0.32413729041846634
热点,0.32413729041846634
新闻,0.3235693385616752
爆发,0.32016162742092796
核心,0.31419813292462023
 局地,0.31419813292462023
个数,0.31419813292462023
地段,0.31419813292462023
部 ,0.31419813292462023
素质,0.31419813292462023
学员,0.31419813292462023
安置点,0.31419813292462023
形势 ,0.31419813292462023
管控,0.31419813292462023
动员 ,0.31419813292462023
活动 ,0.31419813292462023
水灾,0.31419813292462023
数据 ,0.31419813292462023
家庭,0.30823463842831256
个人,0.3042589754307742
防灭火,0.3042589754307742
委员,0.2992893966838511
栏目,0.2992893966838511
委员会,0.2985794568628621
决策,0.2963076494356974
主管,0.2943198179369282
国家,0.28780795613061516
日报,0.284380660443082
网 ,0.284380660443082
洪,0.284380660443082
废物,0.284380660443082
记载,0.284380660443082
法院,0.284380660443082
报灾,0.284380660443082
进度,0.284380660443082
幼苗,0.284380660443082
战勤,0.284380660443082
 钟,0.284380660443082
应急厅,0.284380660443082
山地,0.284380660443082
6 ,0.284380660443082
分站,0.284380660443082
武器,0.284380660443082
频道,0.284380660443082
战地 ,0.284380660443082
极目,0.284380660443082
乱象,0.284380660443082
态度,0.284380660443082
提升,0.284380660443082
指南,0.284380660443082
面,0.284380660443082
损害,0.284380660443082
图表,0.284380660443082
建筑 ,0.284380660443082
男子,0.284380660443082
 DIS    ,0.284380660443082
概述,0.284380660443082
震前,0.284380660443082
 气候,0.284380660443082
思想 ,0.284380660443082
南北部,0.284380660443082
 07 ,0.284380660443082
 20 07 00,0.284380660443082
灾后,0.284380660443082
银,0.284380660443082
保监局,0.284380660443082
帮扶,0.284380660443082
扶贫办,0.284380660443082
改革委,0.284380660443082
 世卫,0.284380660443082
泛滥,0.284380660443082
得,0.284380660443082
  昔,0.284380660443082
经 ,0.284380660443082
工信厅,0.284380660443082
外媒,0.284380660443082
铸造,0.284380660443082
智库,0.284380660443082
葡萄园,0.284380660443082
葡萄酒业,0.284380660443082
不眠之夜,0.284380660443082
加温 ,0.284380660443082
篝火 ,0.284380660443082
葡萄田,0.284380660443082
酒农们,0.284380660443082
葡萄酒,0.284380660443082
副秘书,0.284380660443082
讲解,0.284380660443082
实操,0.284380660443082
授课,0.284380660443082
指挥部 ,0.284380660443082
 华,0.284380660443082
铁道,0.284380660443082
铁路局,0.284380660443082
电车型,0.284380660443082
 饭,0.284380660443082
老一辈,0.284380660443082
库,0.284380660443082
备战,0.284380660443082
修编,0.284380660443082
全  ,0.284380660443082
运用,0.284380660443082
报送组,0.284380660443082
保障组,0.284380660443082
调度组,0.284380660443082
预警组,0.284380660443082
 下设,0.284380660443082
天灾 ,0.284380660443082
粮食 ,0.284380660443082
实际 ,0.284380660443082
批复 ,0.284380660443082
防指,0.284380660443082
报区,0.284380660443082
巡查 ,0.284380660443082
结论,0.284380660443082
早期,0.284380660443082
死伤 ,0.284380660443082
 行人,0.284380660443082
压力 ,0.284380660443082
原文,0.284380660443082
最  ,0.284380660443082
饥 ,0.284380660443082
 风 疫 ,0.284380660443082
旱 水 虫 雹,0.284380660443082
地裂缝,0.284380660443082
 县长,0.284380660443082
畅通,0.284380660443082
联络,0.284380660443082
学术界,0.284380660443082
多发 ,0.284380660443082
群发期 ,0.284380660443082
群发期,0.284380660443082
花园,0.284380660443082
恢复,0.284380660443082
冷静 ,0.284380660443082
部门 ,0.284380660443082
海渔局,0.284380660443082
交通局,0.284380660443082
史料,0.284380660443082
 3 11 ,0.284380660443082
交织 ,0.284380660443082
友情 ,0.284380660443082
部位,0.284380660443082
 消防 ,0.284380660443082
 作者,0.284380660443082
假期 ,0.284380660443082
 雨伞,0.284380660443082
科技 ,0.284380660443082
变动 ,0.284380660443082
时机,0.284380660443082
 总规划师,0.284380660443082
雨鞋,0.284380660443082
 外套,0.284380660443082
当,0.284380660443082
 北,0.284380660443082
 村,0.284380660443082
办,0.284380660443082
实地,0.284380660443082
阴晴,0.284380660443082
 防,0.284380660443082
经济报,0.284380660443082
 战勤,0.284380660443082
畅姿,0.284380660443082
表现场,0.284380660443082
突,0.284380660443082
河北,0.284380660443082
 蓝色,0.284380660443082
劳动,0.284380660443082
 1 ,0.284380660443082
鼠,0.284380660443082
别人,0.284380660443082
阴雨,0.284380660443082
防治,0.2838529175673027
意见,0.27775455544718464
部署 ,0.2694719242023129
 汛,0.2694719242023129
安全,0.266711047120689
主题,0.2645023454553899
首都,0.2645023454553899
指挥部,0.25982509487005057
建设,0.25456318796154376
专题,0.25456318796154376
因素,0.2545631879615437
科学家,0.2545631879615437
气象 ,0.2545631879615437
播种,0.2545631879615437
失踪  ,0.2545631879615437
 四,0.2545631879615437
易发区,0.2545631879615437
转变 ,0.2545631879615437
速度,0.2545631879615437
政策,0.24859969346523608
事件,0.24538858104414746
权益,0.24462403046769776
蝗灾,0.23965445172077462
破坏 ,0.23965445172077462
信息,0.23502760254260494
能力,0.23496884890224715
响应,0.23326499333187353
国际,0.22474571548000558
财经,0.22474571548000552
风险 ,0.22474571548000552
农户,0.22474571548000552
畜禽,0.22474571548000552
后勤,0.22474571548000552
霜冻 ,0.22474571548000552
边坡点,0.22474571548000552
供电局,0.22474571548000552
 影片,0.22474571548000552
陈数,0.22474571548000552
医护,0.22474571548000552
深度 ,0.22474571548000552
杀青,0.22474571548000552
战地,0.22474571548000552
出行,0.22474571548000552
表面,0.22474571548000552
饭,0.22474571548000552
雨 ,0.22474571548000552
区 ,0.22474571548000552
发言,0.22474571548000552
当务之急,0.22474571548000552
数据库 ,0.22474571548000552
 科学,0.22474571548000552
延伸,0.22474571548000552
厅长,0.22474571548000552
传闻,0.22474571548000552
新闻讯,0.22474571548000552
建设 ,0.22474571548000552
应急 ,0.22474571548000552
请示,0.22474571548000552
职业,0.22474571548000552
 大会,0.22474571548000552
普查办 ,0.22474571548000552
指导 ,0.22474571548000552
越南盾 ,0.22474571548000552
 水务 ,0.22474571548000552
海河,0.22474571548000552
总结 ,0.22474571548000552
 十三五 ,0.22474571548000552
 尸体,0.22474571548000552
脱贫,0.22474571548000552
预算,0.22474571548000552
 CCTV 5,0.22474571548000552
猪瘟,0.22474571548000552
综合 ,0.22474571548000552
CCTV 1,0.22474571548000552
  朝闻,0.22474571548000552
直播间,0.22474571548000552
 52 ,0.22474571548000552
炭疽,0.22474571548000552
蓝耳病,0.22474571548000552
道德,0.22474571548000552
人祸 ,0.22474571548000552
天灾,0.22474571548000552
农村厅 省,0.22474571548000552
开江,0.22474571548000552
系统 ,0.22474571548000552
运输局,0.22474571548000552
bod6 ,0.22474571548000552
安置房,0.22474571548000552
页,0.22474571548000552
本页,0.22474571548000552
管道 ,0.22474571548000552
展示,0.22474571548000552
展览,0.22474571548000552
上半身,0.22474571548000552
 印方,0.22474571548000552
燃油,0.22474571548000552
总站,0.22474571548000552
损管,0.22474571548000552
11 ,0.22474571548000552
发布会 ,0.22474571548000552
大酒店,0.22474571548000552
出生率,0.22474571548000552
出生,0.22474571548000552
葡萄,0.22474571548000552
时光,0.22474571548000552
审查,0.22474571548000552
 抢险,0.22474571548000552
推移,0.22474571548000552
意见 ,0.22474571548000552
防御区,0.22474571548000552
我厅,0.22474571548000552
运作,0.22474571548000552
革命,0.22474571548000552
担当,0.22474571548000552
志愿,0.22474571548000552
表,0.22474571548000552
黑夜,0.22474571548000552
房屋 ,0.22474571548000552
春播,0.22474571548000552
 专家,0.22474571548000552
关联 ,0.22474571548000552
环境史,0.22474571548000552
种子,0.22474571548000552
 西,0.22474571548000552
署长,0.22474571548000552
国铁,0.22474571548000552
灾荒,0.22474571548000552
影片,0.22474571548000552
暑期,0.22474571548000552
 毯子,0.22474571548000552
继,0.22474571548000552
安委会,0.22474571548000552
云团,0.22474571548000552
果业,0.22474571548000552
市委 ,0.22474571548000552
地里,0.22474571548000552
 南,0.22474571548000552
表格,0.22474571548000552
 试行 ,0.22474571548000552
日数,0.22474571548000552
超水位,0.22474571548000552
拉动,0.22474571548000552
自然资,0.22474571548000552
避灾 ,0.22474571548000552
防灾 ,0.22474571548000552
识灾 ,0.22474571548000552
州委,0.22474571548000552
 区 ,0.22474571548000552
生存,0.22474571548000552
套,0.22474571548000552
 人们,0.2247457154800055
底线,0.2247457154800055
党,0.21878222098369782
年度,0.2172913473596209
规模,0.2172913473596209
公众,0.2162264376281374
海啸 ,0.2148065579861595
国务院,0.2135641632994287
编辑,0.2128187264873903
假期,0.20486740049231336
队伍,0.2030602809479778
研究,0.2023826111188518
时代,0.20089173749477493
抗灾署,0.20089173749477493
调研,0.19492824299846737
玉米,0.1949282429984673
冰冻,0.1949282429984673
研究所,0.1949282429984673
学习,0.1949282429984673
会战 ,0.1949282429984673
雷暴,0.1949282429984673
爆发 ,0.1949282429984673
军官,0.1949282429984673
距离,0.1949282429984673
农村部 ,0.1949282429984673
自救,0.1949282429984673
剧照,0.1949282429984673
新闻 ,0.1949282429984673
 W ,0.1949282429984673
 S ,0.1949282429984673
闪电,0.1949282429984673
塌陷,0.1949282429984673
补助,0.18896474850215958
党委,0.18896474850215958
生活,0.18708153971385202
思维 ,0.18498908550462123
洪 ,0.1800195067576981
镇,0.17363004836879706
月,0.1725651386373136
提案,0.16511077051692907
趋势,0.16511077051692905
水平,0.16511077051692905
领域,0.16511077051692905
实验室,0.165110770516929
实施,0.165110770516929
分配,0.165110770516929
修改,0.165110770516929
信息化,0.165110770516929
直播,0.165110770516929
防汛 ,0.165110770516929
广告,0.165110770516929
主席,0.165110770516929
排查 ,0.165110770516929
基督教,0.165110770516929
救济会,0.165110770516929
  除,0.165110770516929
收集,0.165110770516929
精准,0.165110770516929
时空,0.165110770516929
都市报,0.165110770516929
长,0.165110770516929
财政厅,0.165110770516929
省政府,0.165110770516929
足球,0.165110770516929
主汛期,0.165110770516929
宣传片 ,0.165110770516929
暴,0.165110770516929
 家底,0.165110770516929
管理室,0.165110770516929
职责 ,0.165110770516929
降雪,0.165110770516929
安委办,0.165110770516929
信号,0.165110770516929
心灵 ,0.165110770516929
科室,0.165110770516929
决断 ,0.165110770516929
千家万户 ,0.165110770516929
大灾,0.165110770516929
使命感,0.165110770516929
创造性 ,0.165110770516929
 主动性,0.165110770516929
典型 ,0.165110770516929
暴风雪 ,0.165110770516929
噩耗,0.165110770516929
 省自,0.165110770516929
五,0.165110770516929
现实,0.165110770516929
盆地,0.165110770516929
中北部,0.165110770516929
腐烂 ,0.165110770516929
心肺,0.165110770516929
中文,0.165110770516929
访谈,0.165110770516929
焦点,0.165110770516929
画中画,0.165110770516929
财政局,0.165110770516929
装置 ,0.165110770516929
机舱,0.165110770516929
舰上,0.165110770516929
壮族,0.165110770516929
生育,0.165110770516929
饥荒,0.165110770516929
风暴潮,0.165110770516929
化学品,0.165110770516929
物质,0.165110770516929
泥石流 ,0.165110770516929
卡,0.165110770516929
海岸线,0.165110770516929
进度 ,0.165110770516929
冰冻 ,0.165110770516929
节气,0.165110770516929
田野,0.165110770516929
拖延症,0.165110770516929
甲烷,0.165110770516929
破表,0.165110770516929
决定 ,0.165110770516929
 银,0.165110770516929
热搜榜 ,0.165110770516929
业界,0.165110770516929
 自,0.165110770516929
 白客 ,0.165110770516929
巨制 ,0.165110770516929
片 ,0.165110770516929
洋流,0.165110770516929
辐射  ,0.165110770516929
泄露,0.165110770516929
  核,0.165110770516929
   图源 ,0.165110770516929
 重,0.165110770516929
出品,0.165110770516929
 州,0.165110770516929
书,0.165110770516929
资源厅,0.16511077051692896
之一,0.15968941188392208
研判 ,0.15517161302308294
辖区,0.1531837815243138
方法,0.15020203427615988
标准,0.15020203427615988
灾害 ,0.14722028702800613
总统,0.14523245552923694
切坡,0.14523245552923694
派出所,0.14523245552923694
会议 ,0.14523245552923694
话,0.14523245552923694
内 ,0.14523245552923694
结构,0.14523245552923694
组织,0.14125679253169846
一行,0.14125679253169843
水库,0.14026287678231386
自治区,0.1395529369613248
中央,0.13632148674165065
单位 ,0.1352932980353907
结果 ,0.1352932980353907
袭击,0.1352932980353907
环节,0.1352932980353907
民兵,0.1352932980353907
专班 ,0.1352932980353907
利益,0.1352932980353907
丛林,0.1352932980353907
民生,0.1352932980353907
人民,0.1280045825399037
 山,0.12535414054154478
讲话,0.12535414054154478
常委,0.12038456179462168
会议,0.11843994402408652
保障,0.10878887805180129
降水 ,0.10547582555385253
总理,0.10547582555385253
值班,0.10547582555385247
群岛,0.10547582555385247
开发,0.10547582555385247
人士,0.10547582555385247
纲要,0.10547582555385247
裂缝,0.10547582555385247
副总指挥,0.10547582555385247
规范,0.10547582555385247
座谈会,0.10547582555385247
 耕地,0.10547582555385247
野外,0.10547582555385247
高原,0.10547582555385247
降温,0.10547582555385247
 生物,0.10547582555385247
团体,0.10547582555385247
公安部,0.10547582555385247
慰问,0.10547582555385247
能见度,0.10547582555385247
难度,0.10547582555385247
理赔,0.10547582555385247
练兵,0.10547582555385247
图书馆,0.10547582555385247
收尾,0.10547582555385247
轮,0.10547582555385247
温暖,0.10547582555385247
责任感,0.10547582555385247
一路,0.10547582555385247
 令,0.10547582555385247
利用,0.10547582555385247
地球 ,0.10547582555385247
愚公,0.10547582555385247
坝闸 ,0.10547582555385247
国家防总,0.10547582555385247
综艺 ,0.10547582555385247
建设局,0.10547582555385247
 com ,0.10547582555385247
smtcdns,0.10547582555385247
媒,0.10547582555385247
蒸汽,0.10547582555385247
高潮 ,0.10547582555385247
季,0.10547582555385247
里 ,0.10547582555385247
保驾护航,0.10547582555385247
调整,0.10547582555385247
生活 ,0.10547582555385247
县域,0.10547582555385247
管线,0.10547582555385247
节气 ,0.10547582555385247
视角,0.10547582555385247
适应,0.10547582555385247
 国土,0.10547582555385247
灾民,0.10547582555385247
收成,0.10547582555385247
花絮,0.10547582555385247
帐篷,0.10547582555385247
防范局,0.10547582555385247
化工厂,0.10547582555385247
大雾,0.10547582555385247
风 ,0.10547582555385247
督导,0.10547582555385247
全国,0.0940563680077316
街道,0.0935488365612373
人口,0.09222361556205781
副县长,0.09056708931308347
总书记,0.08843726985011632
工作,0.0872268806471188
实战,0.08559751056616038
系统,0.08379039102182473
市,0.07662020702333158
安全 ,0.07565835307231426
数字,0.07565835307231426
沙尘 ,0.07565835307231426
文件,0.07565835307231426
 震级,0.07565835307231426
瑶族,0.07565835307231426
方面,0.0729476737558109
客户端,0.06969485857600657
阶段,0.06969485857600657
技术,0.06917629383719734
 农作物,0.06571919557846825
省,0.06074961683154506
同志,0.06074961683154506
山区,0.06074961683154506
雨雪,0.05776786958339137
粮食,0.05180437508708369
人数,0.04584088059077611
局,0.04584088059077611
专项,0.04584088059077605
时 ,0.04584088059077605
调研员,0.04584088059077605
协议,0.04584088059077605
救助 ,0.04584088059077605
东南部,0.04584088059077605
下面,0.04584088059077605
大会,0.04584088059077605
纪录 ,0.04584088059077605
重 ,0.04584088059077605
西南部,0.04584088059077605
赞扬 ,0.04584088059077605
演示,0.04584088059077605
老人,0.04584088059077605
时段,0.04584088059077605
辐射,0.04584088059077605
气象站,0.04584088059077605
举措,0.04584088059077605
 这,0.04584088059077605
防范 ,0.04584088059077605
快讯,0.04584088059077605
行星,0.04584088059077605
侵袭 ,0.04584088059077605
部队,0.04584088059077605
核查 ,0.04584088059077605
反馈,0.04584088059077605
稿,0.04584088059077605
征求,0.04584088059077605
志愿者,0.04584088059077605
爆料,0.04584088059077605
词,0.04584088059077605
道路 ,0.04584088059077605
星期,0.04584088059077605
网络 ,0.04584088059077605
变暖 ,0.04584088059077605
龙卷风,0.04584088059077605
抵抗,0.04584088059077605
商铺,0.04584088059077605
旅客,0.04584088059077605
照片 ,0.04584088059077605
水量,0.04584088059077605
日报社,0.04584088059077605
各界,0.04584088059077605
期间,0.04041952195776915
政府,0.04029344385002477
成员,0.03499816332476217
威胁,0.0339138915981608
办公厅,0.0339138915981608
农村,0.030932144350006848
沿岸,0.030932144350006848
乡,0.030932144350006848
指挥,0.02880232488703985
抗洪,0.025962565603083965
责任 ,0.025962565603083965
推进,0.025962565603083965
监管,0.025962565603083965
灾害点,0.02198690260554544
目的,0.016023408109237833
目标,0.016023408109237833
民族,0.016023408109237833
日 ,0.016023408109237833
东北部,0.016023408109237833
过程 ,0.016023408109237833
电网,0.016023408109237833
修复,0.016023408109237833
监测员,0.016023408109237833
 市,0.01602340810923776
农业,0.014603528467259867
指导,0.011763769183303619
资源,0.010501653945989887
管理,0.007366722550081489
文化,0.006084250615391701
中心 ,0.006084250615391701
空气,0.006084250615391701
隐患点,0.004841855928660842
关注,0.001114671868468635
 ,0.0
会 ,-0.0038549068784543075
研判,-0.005274786520432398
问题,-0.00783056987599281
国,-0.007947501140626244
社会,-0.013794064372300395
时期,-0.01379406437230044
模式,-0.01379406437230044
事项,-0.01379406437230044
防洪,-0.01379406437230044
自然灾,-0.01379406437230044
图片,-0.013794064372300489
平台,-0.013794064372300489
  一,-0.013794064372300489
作用,-0.013794064372300512
动员,-0.013794064372300565
工程师,-0.013794064372300565
司长,-0.013794064372300565
生长,-0.013794064372300565
建房,-0.013794064372300565
自治县,-0.013794064372300565
飓风,-0.013794064372300565
夏季,-0.013794064372300565
印象,-0.013794064372300565
做法 ,-0.013794064372300565
汇报会,-0.013794064372300565
暴发 ,-0.013794064372300565
大雪,-0.013794064372300565
考验,-0.013794064372300565
努力,-0.013794064372300565
出版社,-0.013794064372300565
职工,-0.013794064372300565
介绍 ,-0.013794064372300565
片区,-0.013794064372300565
水源,-0.013794064372300565
猪,-0.013794064372300565
 政府,-0.013794064372300565
急救,-0.013794064372300565
年龄,-0.013794064372300565
生命 ,-0.013794064372300565
法规,-0.013794064372300565
 地,-0.013794064372300565
各地,-0.013794064372300565
日军,-0.013794064372300565
拍摄,-0.013794064372300565
地壳,-0.013794064372300565
总经理,-0.013794064372300565
房 ,-0.013794064372300565
通讯员,-0.022968671289696794
关系,-0.0257210533649157
村,-0.02870280061306958
北方,-0.03367237935999258
教育部,-0.03367237935999258
资源局,-0.03673058166579132
生命,-0.03764804235753106
报,-0.04361153685383878
值守,-0.04361153685383878
监测 ,-0.04361153685383878
分析,-0.04559936835260797
全球,-0.047338720914030984
部长,-0.04957503135014627
南,-0.053550694347684724
事,-0.053550694347684724
西北,-0.053550694347684724
乡镇,-0.05355069434768481
降雨 ,-0.05639045363164087
北部,-0.05639045363164087
发生 ,-0.05852027309460779
改革,-0.05852027309460779
评估,-0.05966709895928229
讯,-0.06065009255757482
区,-0.06150202034276178
处置,-0.06490973148350898
发展,-0.0674655148390693
管理局,-0.07342900933537681
会,-0.07342900933537687
西部,-0.073429009335377
抗震,-0.073429009335377
页 ,-0.073429009335377
社会主义,-0.073429009335377
内部,-0.073429009335377
涝,-0.073429009335377
当局,-0.073429009335377
国家主席,-0.073429009335377
地勘处,-0.073429009335377
总规划师,-0.073429009335377
 国防,-0.073429009335377
高山区,-0.073429009335377
识别 ,-0.073429009335377
总结,-0.073429009335377
太阳,-0.073429009335377
河水,-0.073429009335377
财经 ,-0.073429009335377
救灾 ,-0.073429009335377
门户,-0.073429009335377
雨量,-0.073429009335377
文章 ,-0.073429009335377
灾情 ,-0.073429009335377
期待,-0.073429009335377
风险点,-0.073429009335377
 火山灰,-0.073429009335377
模拟,-0.073429009335377
令,-0.073429009335377
排放,-0.073429009335377
下图,-0.073429009335377
注意,-0.073429009335377
巡查,-0.073429009335377
警戒,-0.073429009335377
气象日,-0.073429009335377
解放,-0.073429009335377
会商,-0.07626876861933292
规划,-0.0788503679683839
内容,-0.081948287187245
精神 ,-0.08668121932717175
天气,-0.08705985389836582
范围,-0.08969308523439773
死亡 ,-0.09046756503911312
要求,-0.09330732432306912
反馈 ,-0.09330732432306912
举报 ,-0.09330732432306912
州,-0.09330732432306912
战略,-0.09330732432306912
低温,-0.09898684289098122
形势,-0.10125865031814611
指示,-0.10324648181691513
评审会,-0.1032464818169152
官员,-0.1032464818169152
国情,-0.1032464818169152
作物,-0.1032464818169152
质量,-0.10920997631322277
冷冻,-0.11070084993729981
评论 ,-0.11318563931076127
通知 ,-0.1181552180576844
区划,-0.12113696530583813
 泥石流,-0.12312479680460728
  ,-0.12501323672843806
设施,-0.1264378493025561
水利,-0.12809437555153047
汛期,-0.1311402463964187
市政府,-0.1330639542984534
使用,-0.1330639542984534
降水量,-0.1330639542984534
国内,-0.1330639542984534
山火,-0.1330639542984534
大雨,-0.1330639542984534
 交通,-0.1330639542984534
年代,-0.1330639542984534
研究 ,-0.1330639542984534
成灾,-0.1330639542984534
机理,-0.1330639542984534
安全度,-0.1330639542984534
  二 ,-0.1330639542984534
比赛,-0.1330639542984534
大陆,-0.1330639542984534
选址,-0.1330639542984534
气象厅,-0.1330639542984534
水情,-0.1330639542984534
幸福,-0.1330639542984534
夏,-0.1330639542984534
赤霉病,-0.1330639542984534
桥梁,-0.1330639542984534
创建,-0.1330639542984534
多云,-0.1330639542984534
年间,-0.1330639542984534
果树,-0.1330639542984534
变暖,-0.1330639542984534
业务,-0.1330639542984535
交流,-0.1330639542984535
风险,-0.14223856121584982
项目,-0.1449909432910687
演练,-0.15095443778737638
活动,-0.15169987459941484
气温,-0.15294226928614568
意义,-0.15294226928614568
分布,-0.15294226928614568
世界,-0.15411158193248042
水旱,-0.15625532178409426
部署,-0.16017074746348822
我国,-0.1603966374065301
海军,-0.16288142677999182
灾难 ,-0.16288142677999182
战,-0.16288142677999182
功能,-0.16288142677999182
核定 ,-0.1728205842738377
报道,-0.1728205842738377
自然,-0.17449454764122227
条件,-0.17779016302076084
预测,-0.17779016302076084
降雨,-0.17944668926973517
资金,-0.18077191026891462
准备,-0.18077191026891462
农村部,-0.18077191026891462
管理部,-0.18275974176768398
程度,-0.185683023383521
普查,-0.18576460333559086
情况,-0.19137367826235052
成果,-0.19269889926152997
普查 ,-0.19269889926152997
开展,-0.19269889926153003
冲击,-0.19269889926153003
次数,-0.19269889926153003
题,-0.19269889926153003
通报,-0.19269889926153003
研究者,-0.19269889926153003
调度 ,-0.19269889926153003
广场,-0.19269889926153003
总指挥,-0.19269889926153003
西北部,-0.19269889926153003
港口,-0.19269889926153003
防,-0.19269889926153003
省份,-0.19269889926153003
论述,-0.19269889926153003
表彰,-0.19269889926153003
保险 ,-0.19269889926153003
反应 ,-0.19269889926153003
领导 ,-0.19269889926153003
教训,-0.19269889926153003
霜冻,-0.19269889926153003
勘查院,-0.19269889926153003
时报,-0.19269889926153003
联动,-0.19269889926153003
损坏,-0.19269889926153003
沙尘暴 ,-0.19269889926153003
老师,-0.19269889926153003
高温 ,-0.19269889926153003
部门,-0.20228308684488167
党组,-0.2046258882541452
救灾,-0.20625229584404736
防御,-0.2102385889565525
人员,-0.21466966845845278
保护,-0.21655287724676056
泥石流,-0.21920331924511954
隐患,-0.2225163717430681
演练 ,-0.22251637174306824
防御司,-0.22251637174306824
能源,-0.22251637174306824
行政村,-0.22251637174306824
应急,-0.2256009378618481
 区,-0.2267760106690023
人们,-0.22847986623937577
海域,-0.23742510798383726
避险,-0.23742510798383726
群众,-0.23878044764208897
过程,-0.24040685523199112
视频,-0.25233384422460636
   ,-0.25233384422460636
失踪 ,-0.2523338442246065
大风,-0.2523338442246065
寒潮,-0.2523338442246065
发言人,-0.2523338442246065
孩子,-0.2523338442246065
思想,-0.2523338442246065
经营,-0.2523338442246065
秩序,-0.2523338442246065
遇难者,-0.2523338442246065
准确性,-0.2523338442246065
响应 ,-0.2523338442246065
案例,-0.2523338442246065
产量,-0.2523338442246065
0  ,-0.2523338442246065
 泥石流 ,-0.2523338442246065
智慧,-0.2523338442246065
行车,-0.2523338442246065
价值,-0.2523338442246065
天气网,-0.2523338442246065
 蝗灾,-0.2523338442246065
特,-0.2523338442246065
区长,-0.2523338442246065
安排 ,-0.2523338442246065
武警,-0.2523338442246065
堤防,-0.2523338442246065
沟通,-0.2523338442246065
 省,-0.2523338442246065
洪灾,-0.25233384422460653
预报 ,-0.25233384422460653
影响,-0.25531559147276023
季度,-0.25829733872091404
其中,-0.2602851702196833
时间,-0.2642608332172218
灾难,-0.26609575460070095
道路,-0.26724258046537563
普查办,-0.26724258046537563
规划局,-0.26724258046537563
地质,-0.2675510370772535
负责人,-0.26823649621476015
媒体,-0.2702243277135294
防范,-0.27068305805939924
网络,-0.2722121592122985
崩塌,-0.2722121592122985
地灾,-0.2722121592122985
暴雨,-0.27552521171024735
管理厅,-0.27618782220983706
手机,-0.27618782220983706
家,-0.2821513167061447
电视台,-0.2821513167061447
震级,-0.2821513167061447
行为,-0.2821513167061447
泄漏,-0.2821513167061447
方案,-0.28811481120245225
降水,-0.2902833546556551
受灾 ,-0.2920904741999908
信息化部,-0.2920904741999908
整治,-0.2970600529469139
电,-0.3020296316938369
人,-0.30776914517619863
空间,-0.3119687891876828
抗灾,-0.3119687891876829
底数,-0.3119687891876829
位置,-0.3119687891876829
固体,-0.3119687891876829
全,-0.3119687891876829
评价,-0.3119687891876829
军,-0.3119687891876829
支流,-0.3119687891876829
打印,-0.3119687891876829
江河,-0.3119687891876829
死守 ,-0.3119687891876829
事宜,-0.3119687891876829
 林草局,-0.3119687891876829
赤地,-0.3119687891876829
钱,-0.3119687891876829
山,-0.3119687891876829
新闻办,-0.3119687891876829
防灾,-0.311968789187683
责任,-0.311968789187683
副局长,-0.311968789187683
检查,-0.311968789187683
灾害,-0.31737785449045613
洪水,-0.31739014782068986
记者,-0.3256351307417211
领导,-0.3268775254284521
小编,-0.33184710417537505
 地震 ,-0.33184710417537505
局部,-0.33184710417537505
汽车,-0.33184710417537505
消息,-0.33301641682171
干部,-0.33582276717291354
房屋,-0.3417862616692212
灭火,-0.34178626166922127
搬迁,-0.34178626166922127
周围,-0.34178626166922127
城市,-0.3553396582517386
支撑,-0.3566949979099903
 经,-0.3566949979099903
信息员,-0.3566949979099903
危害,-0.3566949979099903
气象局,-0.358050337568242
抢险,-0.3583515241589647
时候,-0.3716037341507594
军事,-0.3716037341507595
系列,-0.3716037341507595
成果 ,-0.3716037341507595
研究员,-0.3716037341507595
落实,-0.3716037341507595
体育,-0.3716037341507595
技术组,-0.3716037341507595
发布 ,-0.3716037341507595
会场,-0.3716037341507595
实力,-0.3716037341507595
大众,-0.3716037341507595
交替 ,-0.3716037341507595
精神,-0.3815428916446055
统计,-0.38353072314337483
治理,-0.3886422898544956
统筹,-0.39148204913845164
减灾,-0.39545771213599007
汛情,-0.4014212066322977
副市长,-0.4014212066322977
枢纽,-0.4014212066322977
批示,-0.4014212066322977
生产,-0.404131885948801
洪涝,-0.40568084555823186
历史,-0.4088755747526823
任务,-0.41136036412614363
偏差,-0.41136036412614363
防汛,-0.42422280323582695
内涝,-0.4312386791138359
城镇,-0.43123867911383595
事务,-0.43123867911383595
文明,-0.43123867911383595
发 ,-0.43123867911383595
监管 ,-0.43123867911383595
 十四五 ,-0.43123867911383595
 二,-0.43123867911383595
工作会,-0.43123867911383595
犯罪,-0.43123867911383595
建设厅,-0.43123867911383595
站点,-0.43123867911383595
议题,-0.43123867911383595
对象,-0.43123867911383595
降温 ,-0.43123867911383595
枢纽 ,-0.43123867911383595
预警 ,-0.431238679113836
作者,-0.44316566810645136
电话,-0.4482772348175722
电视,-0.45111699410152817
红网,-0.45111699410152817
级,-0.45509265709906643
抗旱,-0.46105615159537416
倒塌 ,-0.46105615159537416
职责,-0.46105615159537416
大 ,-0.46105615159537416
公安局,-0.46105615159537416
同期,-0.46105615159537416
部,-0.46105615159537416
西南,-0.46105615159537416
旱,-0.4670196460916818
森林,-0.47223770377595115
办公室,-0.47252441024211955
气候,-0.47298314058798957
现象,-0.4759648878361433
受灾,-0.4759648878361433
海啸,-0.47894663508429713
预案,-0.48491012958060464
地,-0.48714644001672014
工业,-0.49087362407691254
 x ,-0.49087362407691254
厅,-0.49087362407691254
可能,-0.49087362407691254
作品,-0.49087362407691254
军队,-0.49087362407691254
国力,-0.49087362407691254
自媒体,-0.49087362407691254
地下,-0.49087362407691254
雷电,-0.49087362407691254
灾种,-0.49087362407691254
事实,-0.49087362407691254
崩塌 ,-0.49087362407691254
坍塌,-0.49087362407691254
单位,-0.501397437893926
物资,-0.5057823603176815
排查,-0.5057823603176815
副部长,-0.5107519390646045
数据,-0.5206910965584506
伤亡,-0.5206910965584506
水利部,-0.5206910965584506
冷冻 ,-0.5206910965584508
背景,-0.5206910965584508
运行,-0.5206910965584508
影响 ,-0.5206910965584508
山洪,-0.5273172015543481
条例,-0.5306302540522967
雪灾 ,-0.5306302540522967
备汛,-0.5306302540522967
宣传,-0.5306302540522967
住房,-0.5355998327992197
县,-0.5438824640440916
地球,-0.550508569039989
结果,-0.550508569039989
城区,-0.550508569039989
风力,-0.550508569039989
 图,-0.550508569039989
手,-0.550508569039989
管理 ,-0.550508569039989
音量,-0.550508569039989
宽高,-0.550508569039989
chromehls ,-0.550508569039989
观点,-0.550508569039989
保障处,-0.550508569039989
频率,-0.550508569039989
点 ,-0.550508569039989
岗位,-0.550508569039989
水务,-0.550508569039989
国家 ,-0.550508569039989
帷幕,-0.550508569039989
服务,-0.5760664025955933
农民,-0.5803260415215272
生态,-0.5826196932508763
汛,-0.5862895360178347
地震,-0.588325851211696
灾情,-0.5931049582993293
天气 ,-0.5982165250104501
南方,-0.6002043565092192
水,-0.6035174090071682
雪灾,-0.6101435140030654
干旱 ,-0.6101435140030654
隐患 ,-0.6101435140030654
总指挥部,-0.6101435140030654
公益,-0.6101435140030654
高度,-0.6101435140030654
中部,-0.6101435140030654
致灾,-0.6101435140030654
 疫情,-0.6101435140030654
中下游,-0.6101435140030654
 级,-0.6101435140030654
分辨率,-0.6101435140030654
本,-0.6101435140030654
建筑物,-0.6101435140030654
记录,-0.6101435140030654
 火山,-0.6101435140030654
区域,-0.6220705029956809
编制,-0.6250522502438346
原因,-0.6300218289907575
气象,-0.6335297669297619
试点,-0.6399609864846036
时刻,-0.6399609864846038
 市 ,-0.6399609864846038
 地震,-0.6399609864846038
冰川,-0.6399609864846038
等级,-0.6399609864846038
地区,-0.641948817983373
保险,-0.6499001439784495
 风雹 ,-0.6548697227253728
损失,-0.6631523539702445
协调,-0.6697784589661419
声明,-0.6697784589661419
台风,-0.669778458966142
小组,-0.669778458966142
行动,-0.669778458966142
暴雨 ,-0.669778458966142
收入,-0.669778458966142
分管,-0.669778458966142
调查 ,-0.669778458966142
实践,-0.669778458966142
播放,-0.669778458966142
了解,-0.669778458966142
核电站,-0.669778458966142
速报,-0.669778458966142
当地,-0.7018895831770292
工作 ,-0.7070502995680646
资源部,-0.7166344871514164
总体,-0.7174864149366031
流域,-0.7294134039292184
气旋,-0.7294134039292184
年景,-0.7294134039292186
标题,-0.7294134039292186
特征 ,-0.7294134039292186
西,-0.7294134039292186
上下,-0.7294134039292186
皮肤,-0.7294134039292186
检查 ,-0.7294134039292186
 OPPO,-0.7294134039292186
指标,-0.7294134039292186
地表,-0.7294134039292186
特征,-0.7294134039292186
融,-0.7294134039292186
林业局,-0.7294134039292186
工程 ,-0.7294134039292186
状况,-0.7294134039292186
居民,-0.7393525614230645
灾,-0.7413403929218338
经济,-0.7771213598996797
监测,-0.789048348892295
东,-0.789048348892295
北,-0.789048348892295
消息 ,-0.789048348892295
局地,-0.789048348892295
会议室,-0.789048348892295
课题,-0.789048348892295
培训 ,-0.789048348892295
战 ,-0.789048348892295
国务,-0.789048348892295
雨,-0.789048348892295
冰雹 ,-0.789048348892295
艺术,-0.789048348892295
解决,-0.789048348892295
处长,-0.789048348892295
科普,-0.789048348892295
防火,-0.789048348892295
基础,-0.8248293158701407
核,-0.8486832938553714
日,-0.8486832938553714
资质,-0.8486832938553714
环境部,-0.8486832938553714
局长,-0.8486832938553714
特色,-0.8486832938553714
公报,-0.8486832938553714
保安,-0.8486832938553714
百姓,-0.8486832938553714
地方,-0.8844642608332173
节目,-0.8884399238307558
地震 ,-0.9008638706980635
热带,-0.9083182388184478
汛情 ,-0.9083182388184479
 滑坡,-0.9083182388184479
计生委,-0.9083182388184479
汇报 ,-0.9083182388184479
水利厅,-0.9083182388184479
搜救,-0.9083182388184479
财产,-0.9381357112999863
常年,-0.9679531837815243
河流,-0.9679531837815243
财政,-0.9679531837815243
处,-0.9679531837815243
村庄,-0.9679531837815243
用户,-0.9679531837815243
 农业,-0.9679531837815243
现场 ,-0.9679531837815243
预警,-0.9679531837815244
市场,-0.9878314987692166
社区,-0.9977706562630625
减灾委,-0.9977706562630627
力量,-1.0275881287446011
台风 ,-1.0275881287446011
类型,-1.0275881287446011
可能性,-1.0275881287446011
通信,-1.0275881287446011
统计局,-1.0275881287446011
省委,-1.0275881287446011
城乡,-1.037527286238447
施工,-1.0574056012261392
广播,-1.0574056012261392
草原,-1.0772839162138312
设备,-1.0872230737076773
东部,-1.0872230737076776
画面,-1.0872230737076776
受伤 ,-1.0872230737076776
储备局,-1.0872230737076776
防地质,-1.0872230737076776
重点,-1.1071013886953693
小时,-1.1170405461892157
市民,-1.1170405461892157
状态,-1.1170405461892157
运输部,-1.1468580186707535
案件,-1.146858018670754
旱灾,-1.146858018670754
会商会,-1.146858018670754
农村局,-1.146858018670754
网站,-1.166736333658446
地面,-1.1766754911522923
滑坡,-1.2064929636338304
灾区,-1.2064929636338304
需求,-1.2064929636338304
暴风雪,-1.2064929636338304
警方,-1.2064929636338304
调度,-1.2064929636338304
师范,-1.2064929636338304
变化,-1.2363104361153687
数量,-1.2363104361153687
工程,-1.2437648042357532
新闻网,-1.2661279085969068
攻坚,-1.2661279085969068
队员,-1.2661279085969068
智能,-1.2661279085969068
 住房,-1.2661279085969068
土壤,-1.3257628535599837
观众,-1.3257628535599837
危险区,-1.3257628535599837
震源,-1.38539779852306
深度,-1.38539779852306
伤亡 ,-1.38539779852306
段,-1.38539779852306
周年,-1.38539779852306
南部,-1.38539779852306
中队,-1.38539779852306
境内,-1.38539779852306
心理,-1.38539779852306
环境,-1.3994295502790777
水利局,-1.4301240072453674
山体,-1.4317805334943414
转移,-1.4450327434861365
 自然,-1.4748502159676746
中旬,-1.504667688449213
副省长,-1.504667688449213
分局,-1.504667688449213
微信,-1.504667688449213
金融,-1.5344851609307513
责任人,-1.5643026334122894
事情,-1.5643026334122894
水务局,-1.5643026334122894
群防,-1.5643026334122894
群测,-1.5643026334122894
形式,-1.5643026334122894
破坏,-1.6239375783753658
风雹 ,-1.6239375783753658
书记,-1.653755050856904
救援,-1.6612094189772886
人民币,-1.6835725233384424
重建,-1.6835725233384424
办法,-1.7133899958199807
新区,-1.7432074683015193
观测,-1.7432074683015193
保监会,-1.7432074683015193
火山,-1.7491709627978262
预报,-1.8028424132645953
 记者,-1.8028424132645953
来源 ,-1.8028424132645953
产业,-1.8028424132645953
险情,-1.8028424132645953
气象台,-1.8624773582276721
气象报,-1.8624773582276721
楼,-1.8624773582276721
偏差 ,-1.922112303190748
地图,-1.922112303190748
官方,-2.041382193116901
县委,-2.0413821931169016
强度,-2.0413821931169016
 水,-2.0413821931169016
政治,-2.0711996655984395
公路,-2.1606520830430544
检查组,-2.1606520830430544
火灾,-2.1672781880389516
附近,-2.180530398030746
人 ,-2.250104500487669
市委,-2.250104500487669
面积,-2.2799219729692073
微博,-2.2799219729692073
集团,-2.3097394454507456
公司,-2.3225183622285477
干旱,-2.3395569179322835
行业,-2.3395569179322844
大火,-2.3395569179322844
部分,-2.458826807858437
 气象局,-2.4886442803399746
资料,-2.518461752821513
工作组,-2.518461752821513
水文,-2.518461752821513
废水,-2.518461752821513
救助,-2.5780966977845896
小麦,-2.57809669778459
洪涝 ,-2.697366587710743
装备,-2.7570015326738195
支队,-2.7570015326738195
 水利部,-2.8166364776368957
发布,-2.846453950118434
基层,-2.8762714225999724
调查,-2.9359063675630486
副书记,-2.9359063675630486
民警,-2.9359063675630486
事故,-2.9880869444057407
军委,-2.995541312526125
降雨量,-3.055176257489202
交通,-3.0849937299707397
村民,-3.114811202452278
救援 ,-3.174446147415355
总会 ,-3.174446147415355
消防,-3.234081092378431
投资,-3.234081092378431
建设部,-3.234081092378431
企业,-3.293716037341508
民众,-3.3533509823045846
现场,-3.37038953800832
 地震局,-3.4726208722307375
高温,-3.4726208722307375
农作物,-3.651525707119967
大队,-3.830430542009196
铁路,-4.307510101713808
文章,-4.307510101713808
车辆,-4.5460498815661134
滑坡 ,-4.903859551344573
国土,-5.142399331196879
海洋,-5.301425851098416
危机,-5.887836143235335
污染,-7.080535042496865
战争,-23.808137104639822
