,名词,词频
13, ,882
5,灾害,614
73,  ,249
4,地质,223
27,自然,220
15,工作,213
88,气象,99
28,风险,86
227,防治,85
492,天气,79
44,部门,74
76,地区,73
67,人,70
191,国家,68
91,会议,66
576,记者,64
307,严寒,62
8,人员,60
185,省,57
24,情况,55
26,国,53
92,市,51
134,安全,51
216,全国,49
20,应急,48
29,普查,47
276,管理,46
108,减灾,45
189,资源部,43
677,管理部,43
130,人民,43
747,时间,41
742,气温,41
85,气象局,41
107,防灾,40
283,政府,39
63,预警,39
224,单位,38
116,保障,38
175,防御,37
86,中心,37
732,中央,37
518,公司,37
162,资源,35
365,严寒 ,35
149,汛期,34
410,疫情,34
2141,我国,34
188,能力,33
87,环境,33
167,监测,32
762,损失,32
599,工程,32
506,地震,31
97,气候,31
733,国务院,31
546,救灾,30
702,交通,29
1024,洪涝,29
131,群众,29
106,活动,27
295,影响,27
328,项目,27
186,海洋,27
683,现场,26
171,县,26
11,救援,26
1075,社会,26
460,系统,25
954,会商,25
42,地,24
541,民警,24
200,城市,24
226,山洪,24
660,国土,23
245,森林,23
153,领导,23
1422,社区,23
132,生命,23
323,程度,23
705,农业,23
1204,电,23
213,技术,23
808,降雨,22
408,新闻,22
60,发展,21
946,经济,21
193,演练,21
376,   ,21
1637,寒潮,20
173,防范,20
596,大队,20
845,居民,20
105,建设,20
98,形势,20
133,财产,20
673,措施,20
292,低温,20
222,办公室,20
174,水旱,20
253,天气 ,20
618,服务,20
1354,过程,20
64,信息,20
608,事故,20
497,预案,19
138,防汛,19
287,街道,19
1023,暴雨,18
145,工作 ,18
152,组织,18
2219,总书记,18
490,讯,18
214,委员会,18
49,视频,17
1041,公安,17
1448,干旱,17
238,负责人,17
1757,救助,17
1152,发布,17
565,生活,17
443,铁路,17
1237,家,16
239,季度,16
1797,评估,16
520,消息,16
1310,期间,16
112,隐患点,16
1230,官方,16
46,区域,16
118,城乡,16
195,事件,16
598,区,16
590,通知,16
1246,冬季,15
1175,道路,15
259,范围,15
1335,房屋,15
329,施工,15
938,指导,15
1010,车辆,15
383,集团,15
332,方案,15
1460,冰雪,15
36,部署,15
998,分析,14
65,灾难,14
66,时候,14
267,指挥部,14
1062,洪水,14
642,当地,14
1494,防控,14
281,精神,14
1167,交警,13
482,灾害 ,13
165,成员,13
694,队伍,13
83,资源局,13
169,专家,13
257,任务,13
491,通讯员,13
35,问题,13
2190,水利部,13
154,责任,13
345,企业,13
177,隐患,13
2,抢险,12
234,精神 ,12
861,天然气,12
2509,雪灾,12
2612,台风,12
537,党委,12
494,降雨 ,12
728,条件,12
727,生产,12
905,训练,12
2155,冷冻,12
630,乡镇,12
955,核定 ,12
143,设备,12
1293,供水,12
271,设施,12
684,同志,12
129,检查,12
2228,条例,12
1379,其中,12
2220,指示,11
38,普查办,11
637,意识,11
1070,机制,11
1521,风雪,11
577,体系,11
440,山体,11
1135,公安局,11
32,会 ,11
176,水利局,11
852,总体,11
1681,共和国,11
1250,温度,11
246,火灾,11
79,草原,11
764,数据,11
594,支撑,11
135,水利,11
2361,报告,10
731,党,10
495, 泥石流,10
496,灾情,10
311,世界,10
14,处置,10
2194, 气象局,10
1045,要求,10
2020,劳动,10
1850,全球,10
896,支队,10
1022,行动,10
615,重点,10
1598,练兵,10
2508,农村部,10
601,安全 ,10
261,水,10
183,年度,10
1453,南方,10
84,管理局,10
689, 市,10
676, 区,10
75,北部,10
123,书记,10
666,区划,10
585,资源厅,10
1497,岗位,10
906,质量,10
1363,实战,10
603,指挥,10
902,消防,10
1377,人类,10
122,市委,10
438,雪山,9
1412,历史,9
1935,国际,9
3078,办法,9
2000,方法,9
1331,供电,9
1074,网站,9
2189,运输部,9
207,调查,9
611,方式,9
862,工业,9
993,减灾委,9
664,保护,9
101,规划,9
178,抗旱,9
1087,粮食,9
99,变化,9
1143,活动 ,9
62,预报,9
1270,民众,9
39,主任,9
220,基础,9
959,滑坡,9
68, 自然,9
738,常年,9
629,培训,8
280,电话,8
1025,治理,8
1008,小组,8
3073,军委,8
430,线路,8
2355,研究,8
962,资金,8
952,住房,8
1661,路段,8
960,灾,8
312,之一,8
2202,死亡 ,8
510,泥石流,8
172,汛,8
264,内容,8
1283,人数,8
1265,电力,8
528,降水,8
2053,面积,8
538,村,8
252,大风,8
543,辖区,8
1178,农村,8
1173,帐号,8
875,地方,8
1352,发布会,8
2328,地图,8
266,人口,8
166,副局长,8
769,手机,8
797,基层,7
380,建筑,7
1628,首都,7
1686,大雪,7
854,党员,7
342,小时,7
1630,秩序,7
795,隐患 ,7
770,人们,7
777,作者,7
847,出行,7
1668,一线,7
996,领域,7
898,指战员,7
386,经验,7
539,干部,7
1138,山区,7
604,科技,7
481,伤亡,7
480,统计,7
610,工作组,7
614,代表,7
1051,水平,7
1046,物资,7
463,冰川,7
654,媒体,7
997,灭火,7
1285,死亡,7
994,研判,7
3318, 农业部,7
1512,百姓,7
947,意见,7
932,中 ,7
1538,空气,7
2986,副部长,7
783,文章,7
141,制度,7
164,党组,7
270,一行,7
120,搬迁,7
1967,公路,7
2199,总会 ,7
273,保险,7
1,避险,7
230,县委,7
2647,主管,7
179,手,7
2062,状态,7
12,力量,7
10,人 ,7
102,编制,7
2177, 风雹 ,7
250,预警 ,7
2187,建设部,7
2295,机构,7
2514,实验室,7
150,政治,7
2614, 经,7
47,研判 ,6
1009,灾区,6
648,学校,6
1951,防疫,6
1294,男孩,6
249,应对,6
121,农民,6
1558,工人,6
1880,闪电,6
1993,检测,6
2324,市民,6
1886,汽车,6
2221,时期,6
262,旱,6
1183,方面,6
650,市场,6
461,科学,6
1160,平台,6
670,协调,6
93,业务,6
1427,局部,6
963,使用,6
459,生态,6
688,形式,6
961,补助,6
1390,安置,6
652,广播,6
1450,电网,6
1955,作用,6
294,农作物,6
3319, 地震局,6
2511,受灾 ,6
3583,心理,6
71,火山,6
1353,雨雪,6
419,分布,6
874,东北,6
2773,大学,6
776,权益,6
163,规划局,6
2651,总理,6
837,排查,6
194,现象,6
1724,限度,6
2063,折叠屏,6
1739,部分,6
22,关系,6
1182,专项,6
2613, 地震 ,6
1179,土地,6
211,标准,6
2636,袭击,6
2626,专题,6
851,市政府,6
319,目标,6
279,电视,6
1614,警,6
30,试点,6
2018,人力,6
1053,水库,6
1061,城区,6
1618,威胁,6
671,责任 ,5
1305,能源,5
574,应急局,5
1306,风暴,5
2010,幼儿,5
675,  一,5
669,统筹,5
1029,气象台,5
127,备汛,5
2268,变电站,5
3233,篮球,5
1116,协会,5
147,职责,5
1104,阶段,5
1142,官兵,5
231,副书记,5
260,地震 ,5
159,常委,5
1248, 农作物,5
1244,环节,5
493,预报 ,5
255,等级,5
1229,旅游,5
656,时 ,5
2243,劳动者,5
223,通知 ,5
221,宣传,5
2153,信息化部,5
1284,报道,5
1076,公众,5
1366,内涝,5
540,派出所,5
218,主题,5
547,时刻,5
109,村民,5
992,因素,5
3096,水位,5
969,结果,5
2503,受灾,5
784,民生,5
1908,财经,5
709,群防,5
298,进度,5
2476,成果,5
1716,批示,5
1704,干旱 ,5
2947,响应,5
911,雪地,5
370,东部,5
1540,冰冻,5
2501,年景,5
763,伤亡 ,5
367,考验,5
2793,渣土,5
356,路,5
2991,风雹 ,5
398,网友,5
821,专业,5
395,爱好者,5
317,雪,5
842,资料,5
1580,采气,5
2307,辅警,5
698,网络,5
782,反馈 ,5
680,调研,5
1791,卫生,5
1947,冬日,5
306,军人,5
3061,行政,5
693,志愿者,5
785,工程 ,5
3374,学会,5
794,准备,5
1760,气旋,5
1759,热带,5
285,镇,5
1824,核酸,5
284,副县长,5
77,暴风雪,5
31,调度,5
775,来源,5
774,目的,5
864,储气库,5
781,举报 ,5
2371,海啸,4
1072,厅,4
2368,意义,4
2571,先生,4
858,作风 ,4
846,职工,4
2270,巡视,4
2464,部长,4
3403,德军,4
575,客户端,4
3,救援 ,4
582,会议 ,4
3246,险情,4
773,文,4
2403,管道,4
2140,运输,4
828,学习,4
810,趋势,4
2193,统计局,4
2154,单位 ,4
815,中旬,4
2176, 地震,4
2390,市区,4
3375,文学,4
737,降雨量,4
748,内 ,4
3333, 保监会,4
117,力度,4
710,培训会,4
708,群测,4
2244,用人,4
2245,法律,4
61,变化 ,4
949,管理厅,4
74,月,4
2247,监督,4
990,推进,4
3306,  级  ,4
699,小编,4
3307,  级 ,4
3309,降水量,4
958,冷冻 ,4
686,知识,4
964,政策,4
3310,平均值,4
975,模式,4
57,河段,4
1013,信息员,4
2363,电子,4
3349,病例,4
1059,发生,4
624,安排,4
3372,会员,4
1038,责任人,4
628,电影,4
3314,海洋局,4
139,值班,4
631,学生,4
632,文化,4
887,寒冬,4
2343,数量,4
2331,系列,4
136,枢纽,4
3478,煤矿,4
126,检查组,4
52,点 ,4
899,体能,4
900,素质,4
3298,自治区,4
1154,创作者,4
2833,信息网,4
1455,灾害点,4
1299,产品,4
301,影响 ,4
243,冰雹,4
1958,货车,4
242,大风 ,4
467,西北,4
2015,风力,4
2016,大 ,4
1261,复产,4
2965,倒塌 ,4
523,通信,4
2964,失踪 ,4
308,酷暑 ,4
1609,团队,4
1249,需求,4
278,交流,4
1298,母亲,4
1926,段,4
1241,规范,4
502,地灾,4
483,切坡,4
1549,总工会,4
1336,停电,4
263,类型,4
1554,爱心,4
2710,工地,4
1333,寒流,4
1980,寒风,4
2990,办公厅,4
2989,司长,4
476,南,4
475,北,4
1330,供应,4
1329,州,4
1320,本文,4
1392,主体,4
1612,分局,4
457,野外,4
1493,机关,4
344,执法,4
1942,厂,4
1737,冠肺炎,4
3051,资质,4
1180,整治,4
1441,中,4
371,附近,4
1924,流域,4
1480,严寒  ,4
210,行业,4
1486,材料,4
1446,南部,4
3074,工作部,4
2076,东,4
357,经营,4
1780,日,4
1503, 战,4
1820,小学,4
455,山地,4
1897,总队,4
2796,路面,4
2091,体育,4
2795,保洁,4
1403,预测,4
1727,预案 ,4
1464,春节,3
1545,技能,3
2502, 气象,3
956,风雹,3
1475,微信,3
1529,温暖 ,3
3049,规定,3
1470,北方,3
3043,改革,3
919,体型,3
2507,偏差,3
3340,印军,3
3335,图集,3
1896,武警,3
1495,同时,3
945,农户,3
1513,风雪 ,3
2315, 现,3
903,计划,3
1161,车,3
1546,效果,3
1843,线 ,3
826, 据,3
1682,公安部,3
1684,来源 ,3
2448, 水,3
2805,站点,3
1687,风,3
809,关注,3
1702,绿化,3
1712,国情,3
2440,景区,3
1717,农村局,3
2809,高校,3
2811,就业,3
2431,户外,3
2868,民族,3
2849,报,3
1796,背景,3
1677,战,3
2927,义诊,3
2316,事项,3
1639,景象,3
1555,启动,3
897,讲话,3
2342,全境,3
2988,防御司,3
2985,救助 ,3
2344,崩塌,3
1573,赛季,3
2478,自来水,3
1575,强度,3
2976, 水利部,3
867,季节,3
1578,油田,3
2774,科研,3
2784,分公司,3
1617,冠病毒,3
1626,工作者,3
1629,机场,3
878,沿途,3
3082, 市 ,3
2296,公益,3
2734,道具,3
1095,后勤,3
2146,老人,3
2423,用户,3
1212,检查站,3
2156,雪灾 ,3
3266,总公司,3
1222,年龄,3
3184,足球,3
2057,暴雪,3
2049,水管,3
1242,采样,3
3274,特点,3
2180,年代,3
2024,续航,3
3171,兔狲,3
2186, 住房,3
3167,地里,3
1260,复工,3
1056,培训 ,3
1210,图,3
3253,气象法,3
1209,身体,3
2609,汛情,3
1171,晨报,3
1149,房车,3
1172,旗下,3
2100,开发区,3
1146,平原,3
2111,全力,3
1181,扶贫,3
2825, 灾害,3
1184,酷暑,3
1205,总统,3
2122,冰,3
1132,图片,3
1131,医院,3
1127,军官,3
1121,队员,3
2600,民兵,3
1200,积雪 ,3
1203,海外网,3
1273,照片 ,3
2196,保监会,3
2682,食品,3
3071, 统计局,3
1378,爆发,3
1957,中队,3
1381,地球,3
2253,快递,3
1404,地面,3
1163,设计,3
1414,暴雨 ,3
1415,雷暴,3
2273,动车组,3
1371,中心 ,3
3070, 农业,3
2723, 顶,3
2282,大部,3
3068,政治局,3
1440,降水 ,3
2285,家长,3
2518,教育部,3
1445,监测 ,3
2249,人社厅,3
1369,网 ,3
3149,会战,3
1014,对象,3
2004,针对性,3
2214,偏差 ,3
2689,广场,3
1317,客户,3
2696,角色,3
2226, 图,3
1021,攻坚,3
2697,后 ,3
1012,个人,3
1367,话,3
1011,装备,3
1334,床,3
1348,日报,3
1977,游泳,3
1004,战争,3
2229,编辑,3
2240,供热,3
1968,通道,3
0,转移,3
1211,巡逻,3
530,玉米,3
589,总指挥部,3
717,排查 ,3
3599,成本,3
400,联赛,3
190,监测司,3
726,自治县,3
158,副省长,3
157,检查 ,3
156,督查,3
734,决策,3
144,运行,3
140,值守,3
435,队员们,3
128,防地质,3
124,市长,3
119,规模,3
746,原因,3
113,建房,3
559,图书馆,3
104,开发,3
385,实践,3
382,事业,3
454,科学院,3
379,战略,3
318,人生,3
324,困难,3
305,边境,3
626,行政村,3
621,座谈会,3
653,电视台,3
655,栏目,3
296,中西部,3
289,宣传部,3
288,办事处,3
341,作业,3
609,金砖,3
674,保驾护航,3
681,调研组,3
233,级,3
3611, 滑坡,3
3452,民政部,3
373,儿子,3
3610,江河,3
449,特征,3
633,生活 ,3
509,洪 ,3
529,降温,3
43,水文,3
552,孩子,3
548,家庭,3
771,声明,3
23,开展,3
54,观测,3
768,智能,3
535,进度 ,3
6,风险 ,3
1678,平安 ,2
358,行为,2
352,定位 ,2
1673,终端,2
2897,屋,2
1276,房子,2
1680, 01 ,2
3104,主席,2
1703,土壤,2
2892,巡特警,2
1659,身影,2
1710,艺术,2
1713,国力,2
1714,调查 ,2
1715,普查 ,2
348,树,2
1719,微信群,2
2885,难度,2
1667,指挥长,2
2924,服务站,2
1658,防控 ,2
1657,值守 ,2
1608,战斗力,2
1297,体温,2
1611,关键,2
3607,受灾面,2
3608, 报告,2
1616, 人,2
3609,编写,2
1619,网格员,2
1286,数字,2
1625,行动 ,2
1279,新闻网,2
368,风景,2
1632, 雪,2
1644,支流,2
362,风雨,2
2926,优抚,2
2925,中医院,2
2880,分队,2
1656,防护网,2
1725,晚报,2
2874,伞降,2
1275,郊区,2
1732,防总,2
2838,发 ,2
333,大雪 ,2
2835,网址,2
1794,适应,2
2834,链接 ,2
330,经理,2
1798,灾种,2
327,大桥,2
2827,发布 ,2
2822,风霜,2
2820,同志们,2
1251,营养,2
526,指标,2
1816,拼版,2
1817,上图,2
2816,指导组,2
1819,右,2
1826,北极圈,2
321,雪景,2
3638,花 ,2
2803,路口,2
525,棉花,2
3168,庄稼,2
1786, 级,2
1268,寒潮 ,2
1605,部队,2
3157,粉丝,2
1741,军事,2
339,桥,2
2866,防洪,2
2863,河流,2
1761,下旬,2
1764,调水,2
1269,停水 ,2
1768,体系 ,2
2844,监测院,2
1772,社会主义,2
1773,征程,2
1774,海浪,2
1775,偏多 ,2
519,功能,2
1264,复工率,2
1776,过程 ,2
1777,潮,2
1779,大雨 ,2
1607,精兵,2
3605,中下游,2
3606,373 ,2
3140,育种,2
1429,假期,2
3067,思想,2
1359, 钟,2
1434,放假,2
1435,安排 ,2
1356,沙尘 ,2
1437,旅客,2
3551,演习,2
437,反应 ,2
1442,大雨,2
1443,时机,2
436,高原,2
1339, 省,2
1338,省委,2
3060,西,2
1451,供电局,2
1452,总经理,2
431,海拔,2
1456,下图,2
1458,边坡点,2
1468,周年,2
444,隧道,2
1362,战勤,2
1425,裂缝,2
1401,大路,2
3559,家园,2
465,城郊,2
3094,西北部,2
3093,树枝,2
3092,裹挟,2
3091,旁,2
3564,花瓣,2
3090, 洪水,2
3089,行进 ,2
1402,旧址,2
3108,线虫病,2
456,研究所,2
1405,降温 ,2
1406,霜冻 ,2
1411,破坏 ,2
450,规律,2
3076,效益,2
1420,令,2
446,上方,2
1368,气象 ,2
1472,魅力,2
3549,士兵,2
422,葡萄,2
1311,供暖,2
2997,水情,2
1550,帮扶,2
1553,环卫,2
1315,支付,2
2992,预置,2
399,评论,2
1313,发言人,2
1560,温暖,2
392,房,2
1567,赛道,2
2999,抗震,2
3604,评估 ,2
388,示范,2
387,被动房,2
2975,副总指挥,2
503,危害,2
2973,投资,2
2972,预算,2
1587,厂房,2
3101,主汛期,2
1322,版权,2
1840,工作者们,2
1477,列车,2
1509,警察,2
420,高温 ,2
3040,请示,2
1327,提高,2
3128,共产党员,2
416,网,2
1324,授权,2
1323,作品,2
1496,风雪 斗,2
1501,公安处,2
412,确诊,2
3001,委员,2
3017,体制,2
1518,雪 ,2
409,评论 ,2
3013,隐患区,2
1524,重担,2
3012,管理 ,2
1532,热水,2
3005,局地,2
3004,旱灾,2
3000,国务,2
780,地址,2
1841,健康,2
2560,一线 ,2
2210,食物,2
2213,状况,2
2215,居住区,2
2216, 山区,2
137,枢纽 ,2
125,队,2
2224,生猪,2
2227,屠宰,2
115,用地,2
2230,早高峰,2
2232,执勤,2
2549,战士,2
2236,门口,2
3691,分类,2
2246,法规,2
100,村庄,2
2254,小哥,2
2255,快件,2
2257,车 ,2
2261,一心,2
2262,义工队,2
2264,慰问,2
2533,位置,2
2559,工会,2
2561,线,2
1842,抗击,2
2203,失踪  ,2
2142,雨雪 ,2
2143,冰冻 ,2
2592,水气,2
180,安全度,2
2158,深度 ,2
2159,杀青,2
2160,剧照,2
2161, 影片,2
2162,陈数,2
2577,实施 ,2
2573,献血,2
2175,期待,2
3683,此间,2
160,副市长,2
2181,储备 ,2
2184,赈灾,2
2188, 交通,2
155,落实 ,2
2192,健康委,2
2197,储备局,2
2198, 林草局,2
2201,抗灾署,2
142,落实,2
2269,配电,2
3694,生物,2
2530,热电,2
94,合作,2
40,技术组,2
2345,崩塌 ,2
2482, 报,2
2481,报告 ,2
2480,提升 ,2
2479,水质,2
2352,泄漏,2
2477,停水,2
34,汇报 ,2
2356,供应商,2
2358,供应链,2
2365,抗灾,2
21,平时,2
2381,口罩,2
2453,保障 ,2
2388,衣服,2
2451,危机,2
2439,公园,2
7,危险区,2
2404,暖气,2
2405,外媒,2
2406,公,2
2411,教师,2
2339,上下,2
2486,年,2
2333,破坏,2
2504,失踪,2
2280,小伙伴,2
2521,民,2
2284,中学,2
89,会,2
82,天空,2
2291,雨,2
2294,医疗,2
2297, 车队,2
69,山火,2
2306,途径,2
56,冰凌,2
45,江段,2
2313,幅度,2
51,监测站,2
2317,节气,2
2318,节气 ,2
2499,公报,2
2498,思维 ,2
2497,底线,2
2326,战地,2
2327,6 ,2
2493,新房,2
192,预警报,2
2594,冰层,2
2137,底数,2
247,可能,2
2740,电影展,2
293,小麦,2
2733,1 2,2
1936,会展,2
1941,冬供,2
1950,势,2
1954,党支部,2
1956,纪律 ,2
1960,司机,2
272,保险 ,2
1969,联防,2
2711,水厂,2
2709,帮助,2
2708,小伙伴们,2
2707,龙脊,2
2706,版本,2
2705,玩家,2
2700,严寒值,2
256,动员,2
1992,文明,2
251,雷电 ,2
1994,速度,2
2692,治安,2
1922,北风,2
1921,程序,2
2751,身边,2
2767,物品,2
2794,门前,2
1849,实力,2
2791,原因 ,2
1855,大,2
1856,全会,2
2786,维修,2
3644,花朵,2
1865,时节,2
2770,试验,2
1879,异物,2
531,播种,2
297,种植,2
1885,场景,2
302,作物,2
1892,赛事,2
300,霜冻,2
1899,地域,2
1900,夜,2
1901,野营,2
1902,拉练 ,2
1906,战斗,2
2754,民警 ,2
1996,手段,2
2688,寒冬 ,2
2125,部位,2
244,洪涝 ,2
3669, 卫生部 ,2
2634,东北部,2
2633, 令,2
2631, 疫情,2
2090,市民们,2
206,承灾体,2
2627,评审会,2
3671,总会,2
2625,纲要,2
2624, 十四五 ,2
2097,纪律,2
2104,高寒,2
2107,急救,2
3673,院,2
2112,体重,2
2114,患者,2
2115,救护车,2
2116,室外,2
199,爆炸 ,2
2610,特征 ,2
2608,台风 ,2
3677,野外站,2
2124,桥梁,2
2070,财经 ,2
2069,  早,2
2068,手机 ,2
2043,抢修,2
2685,批发,2
2006,小伙子,2
237,保安,2
2017,冻害 ,2
2019,保障厅,2
2674,  杀  ,2
2027,里程,2
2032,度假区,2
2035,警察节,2
2663,阳气,2
229,工作会,2
2067,屏 ,2
2054,参考,2
225,减灾日,2
2650,专班 ,2
219,筑牢,2
2649,副主任,2
2060,世纪,2
217,日 ,2
2064,Fold ,2
2065,对折式,2
2066,折叠,2
1884,挑战赛,2
1604,课目,2
1033,分管,2
1206,帽子,2
580,省海指,2
909,心里,2
3446,环境司,2
3231,园长 ,2
1136,西部,2
587,副厅长,2
916,雪花,2
918,猞猁,2
920,猫,2
1126,海军,2
1125,装置 ,2
925,生存,2
3241,研究院,2
929,棕熊 ,2
931,头,2
3334,参谋部,2
591,文件,2
3332,计生委,2
3331, 卫生,2
1109,产业,2
1107,幼苗,2
1106,工程师,2
3251,专家组,2
595,地质局,2
3325,挑战,2
704,标题,2
3257,防御 ,2
3442,部,2
723,规章,2
3441,重建,2
3377,作家,2
831,实事,2
833,发生 ,2
1199,工具,2
758,记载,2
1196,志愿者们,2
838,计划 ,2
840,村 ,2
1187,民心,2
843, 踏勘,2
3207,菊花,2
556,灾难 ,2
1174,报 ,2
857,难题,2
573,桌面,2
566,早餐,2
1170,社会 ,2
860,通讯社,2
863,股份,2
869,囚犯,2
871,西南,2
3370,音乐,2
735,部署 ,2
883,鸡毛房 ,2
3354,价格,2
895,天,2
725,瑶族,2
3258,损失 ,2
3259, 法规 ,2
701,行车,2
1006,认定 ,2
1052,水务局,2
995, 水利 ,2
1050,水务,2
3285,核,2
999,观众,2
1000,品级,2
1044,培训班,2
1001,评定,2
3287,监管 ,2
1002,地球 ,2
1003,飞船 ,2
1005,气力,2
1037,队伍 ,2
620,本,2
1007,神级 ,2
1036,乡,2
647,易发区,2
646,洪,2
3293, 秒,2
645, 山,2
3474,受损,2
1030,大气,2
1028,演练 ,2
636,防汛 ,2
638,自救,2
640,防护,2
1054,水电站,2
1057,形势 ,2
697,科普,2
606,科,2
3459,课题,2
1088, 人们,2
965,页 ,2
966,打印,2
968,分配,2
1084,声明 ,2
679,处长,2
3315,局长,2
1081,修改,2
3273,气象报,2
605,信息化,2
3311,风险图,2
978, x ,2
661,空间,2
3487,爆炸,2
672, 四,2
668,总,2
3308,   1 ,2
982,协议,2
667,调整,2
1069,运作,2
985,建设局,2
3305,出版社,2
989, 政府,2
617,志愿,2
1060,频率,2
829,教育,2
1020,拉练,2
759,会商会,2
792, 街道,2
1239,断面,2
3176,毛发,2
3405,反攻 ,2
806,评价,2
767,前 ,2
3414,检测 ,2
793,防范区,2
827,党史,2
3394,端午,2
812,雨水,2
1232,资讯,2
1228,时间 ,2
545,点,2
779,邮箱,2
760,红网,2
1227,游品,2
1221,写照,2
1220,区 ,2
3408,冠疫情,2
1207,卫星,2
2684,新发地,1
2690,物 ,1
3660,村口,1
2461, 水管,1
2462,破裂 ,1
2463,供电商 ,1
2687,判断,1
2686,集散地,1
3712,关东,1
2465,预演,1
3464,副指挥长,1
3324,论述,1
3317,海岸带,1
2683,登陆地,1
3661,徒步,1
3662,故障,1
2681,冷链,1
2680,港口,1
2679,码头,1
2678,港,1
3463,区防指,1
3663,同事们,1
3462,防办,1
3664,故障 ,1
2643,创造性 ,1
2691,中心区,1
3316,致辞,1
2644,责任感,1
2699,条 ,1
2454,政客们,1
2472, 02 2322 55,1
3657,岔路口,1
2455,军费,1
2704,什,1
3658,管控  ,1
2703,扣血 ,1
2702,周期性,1
2456,子弹 ,1
2701,上限,1
2457,炸弹 ,1
2642, 主动性,1
2460,发电厂 ,1
2698,血条,1
3419,增效,1
2458,民生 ,1
3312,现实,1
3659, 夜晚,1
2695,区域 ,1
2694,小,1
2693,安检棚,1
2459,费用,1
3313, VR ,1
3465,防汛办,1
3461,极值,1
2677,发生地,1
3460,突破,1
3668,频率 ,1
2657,概述,1
2656, DIS    ,1
3410,脚步,1
2469,预警  ,1
2470,春寒,1
2655,大灾,1
3320,动员会,1
2654,心灵 ,1
2653,千家万户 ,1
2652,决断 ,1
3329, 山体,1
3666,国家主席,1
3455,话题,1
3321,现状,1
3328,紧迫性,1
3327, 重要性,1
3322,我区,1
3409,阻击战,1
3326,复杂性,1
2471,三农 ,1
3323,全覆盖 ,1
2648,科室,1
3454,群,1
3453,日益,1
3667,介绍,1
2658,气象厅,1
2659,震前,1
2468,遇难,1
2670,意志 ,1
2676,低温 ,1
2466,引领,1
2675,勇者,1
2645,使命感,1
2646,片区,1
3665,电  ,1
3711,山东人,1
2673,尖刀,1
3411,咽拭子,1
2672,铁拳,1
2671,斗志 ,1
2669,武装,1
2660,阴阳,1
3457,战天斗地,1
2668,火 ,1
2667,冬天,1
2467,视频会,1
3451,网络 ,1
2666,激情 ,1
2665,严寒 战,1
2664,保暖,1
3456,精确,1
2662,阳生 ,1
2661,阴极,1
3458,抗争,1
3713,农耕,1
2452,局面,1
2745,筷子,1
3416,疾,1
2761,柱子,1
2760,大殿,1
2759,寝宫 ,1
2432,作战 ,1
3647,苗木,1
2433,赛跑 ,1
2758,飞霜殿,1
3473,龙卷风,1
3472,雷雨,1
2434,速,1
3415,隔离点,1
2435,变电,1
2757,京师,1
2756,浴 ,1
2755,人群,1
2436,运维,1
2437,测温,1
2438,消缺,1
2753,宣传局,1
2752,警苑,1
3413,样品,1
2750,传真 ,1
2749,电视剧,1
3412,采样 ,1
2748,性感,1
2747,天鹅,1
2762,中空 ,1
2763,温泉水,1
2764,雏形,1
3645,园林,1
2782,物业,1
2425,供水管,1
2781,抢修 ,1
2780,整洁 ,1
2779,汗水,1
2778,勤劳,1
2777,大街小巷 ,1
2426,水量,1
2776,工装,1
2427,冰冻爆,1
2775,冬季 ,1
3476,受伤 ,1
2772,   罗,1
2765,时,1
2771,试验场,1
3299,直辖市,1
3300,调查局,1
3646,养护,1
2769,验收 ,1
2768,结题,1
2428,管 ,1
2429,致敬 ,1
3301, 党,1
3475,许 ,1
2766,取暖,1
2430, 00 41 ,1
2746,腿 ,1
2744,影像 ,1
3418,期 降本,1
2743,连衣裙 ,1
2725,助困,1
2724, 扶危,1
3467,雨情 ,1
3650, 嘎查 ,1
2722,最前沿,1
2449,通讯,1
3651,牧民,1
2721,上路 ,1
2720,休假,1
3303,2017 ,1
3652,投身,1
3304,年鉴,1
3653,防疫线,1
3654, 正,1
2719,主管网,1
2718,建设 ,1
2717,骨干,1
2716,管网,1
2715, 筹资,1
2714,一体化,1
2713,收尾,1
2450,必需品,1
3655,蓝旗,1
2641,典型 ,1
3466,水文局,1
2712,扩容 ,1
3656,处,1
2726, 保,1
2727,通保,1
3302,防线,1
2736,图纸,1
2742,V领,1
3715,眼,1
2741,开幕式,1
2441,景点,1
3471,冰雹 ,1
3470,沿海,1
2442,绝壁,1
2443, 险石,1
2739,影像,1
2738, 演员,1
2444,预约 ,1
2737,获取,1
2735,放热瓶 ,1
3468,会商 ,1
3648,伤 ,1
3469, 意见,1
2732, 国省道,1
2445,路线 ,1
3649,党工委,1
2446,运动鞋 ,1
2731,小分队,1
2447,干粮,1
3714,文明 ,1
2730, 支队,1
2729,配合,1
2728,畅 ,1
3330,受灾害,1
2638,东南部,1
3710,道理,1
3378,副会长,1
3434,皮肤,1
3433,探测器,1
2492,年 ,1
3432,机器人,1
2551,行囊 ,1
3395,小长假,1
2550,背,1
3431,极限,1
2548,新兵团,1
3430,酸碱,1
2547,口令,1
2546,教官,1
2545,方阵,1
3689,多 ,1
2544, 参训,1
3706,县   ,1
2543,训练场,1
3422,掌声,1
3690,强 ,1
3376,短,1
2494,楼,1
3429,深海,1
3705,线   ,1
2542,队列,1
3692,考虑,1
2541,礼仪,1
2540,到来 ,1
3373,写作,1
2552,旗帜 ,1
3435,权威,1
3368,益阳人,1
3362, 刊文,1
2489,洪灾,1
3363,任内,1
2565,扩建,1
3364,龃龉,1
3365,条约 ,1
3366,防务,1
2564,间隔,1
2563,关怀,1
2562,员工们,1
2490,家电,1
3367,开支,1
3438,抚慰 ,1
2553,了解,1
2558, 却,1
2557, 旅途   ,1
3437,家属,1
3369,文化 ,1
3397,小姐姐,1
2491,家具,1
2556,营门,1
2555,新兵,1
3371,著作权,1
3396,网警,1
3436,民政局,1
2554, 00后 ,1
2539,风貌,1
3428,性能,1
2566,主变,1
3427,竞争力,1
3391,利益,1
3384,短文学,1
3390,教训 ,1
2520,喜讯,1
2519,女士,1
2517,省部,1
2516,建设点,1
3704,年会,1
3385,微刊,1
2515,培育,1
3696,蔬菜,1
3386,主编,1
3697,上涨,1
3698, 城镇化,1
3387,报社,1
2513,开放,1
2512,能源局,1
3699,劳动力 ,1
2510, 风雹,1
3700,资本,1
2500,   公报 ,1
3701,劳动力,1
2506, 发布 ,1
3388,影视,1
3702,科学家,1
2505, 会,1
3389,分歧,1
3695,职能,1
2522,为民,1
3383,副主编,1
2496,防办 ,1
2538,警容,1
3379,分会,1
2537,实 ,1
2536,技术员,1
2535,巡查,1
3380,会长,1
3381,小说,1
2534,巡查 ,1
3426,核心,1
2495,商店,1
3425,期 ,1
2532,屋子,1
2531,电话 ,1
2523,小朋友,1
3693,不同 ,1
3424,窗口,1
3382, 绿版,1
3393, AI,1
2529,学术,1
3423, 冬眠期,1
3392,外交,1
2528, 举报 ,1
2527,奶茶,1
2526,民辅警们,1
2525,外卖,1
2524,举动,1
3688, 地,1
3687, 泥石流 ,1
2473,试点县,1
3297,风压,1
2616,团体,1
2615,部 ,1
3339,边界,1
3674, 冻土,1
3447,办 ,1
3708,做法,1
3675,台站 ,1
3341,精良 ,1
3342,素 ,1
3402,发改委,1
2611,汛情 ,1
3343,效果 ,1
3676, SEDN  ,1
3420,化工,1
3344,冻伤 ,1
2607,微博,1
3345,眼下,1
3346,印边军,1
2606,医生,1
2605,爆破物,1
2604,闪光,1
2603,躲避,1
3401,习俗 ,1
2602,摄 ,1
2601,战术,1
3678,冰冻圈,1
2599,上浮时 ,1
3404,幻想 ,1
2617,基督教,1
2618,救济会,1
2475,业务线,1
2640,大会,1
2639,表彰,1
3703,科协,1
2637,一路,1
3670,总参谋部,1
2635,暴风雪 ,1
2474,努力,1
2632,本土,1
3450,群专,1
2630,噩耗,1
3407,攻势,1
2629, 省自,1
3449,十三五 ,1
3338,序图,1
2628,五,1
3406,阵地,1
3448,态势,1
3709,抓手 ,1
3336,审图,1
3337,出版,1
2623,长,1
2622,理赔,1
3672, 总参谋部,1
2621,纪录 ,1
2620,次数,1
2619,飓风,1
2598, 视觉,1
2483,爆裂 ,1
3686,构造,1
2596,翡翠 ,1
2581,外套,1
2580,球场,1
3398,邮件,1
2579,威胁 ,1
2578,手套 ,1
2487,睡眠,1
2576,法 ,1
2575, 献血,1
2574,血 ,1
3440,倒塌,1
3439,过渡期,1
2488,酒,1
3684,避让,1
2572,生日,1
3685,决定,1
3353,药品,1
2570,献血者,1
2569,捐血屋,1
3355, 助力,1
2568,航洋,1
3356,监管人,1
3357,初心,1
3358,使命  ,1
3359,隔离,1
3360,观察,1
2567,中心血站,1
3361,题,1
2582,特大桥,1
2583, 工人们,1
2584,轰鸣声,1
2589,电流声,1
3347,肢体,1
2595,珍珠 ,1
3400,记忆,1
3348,冲突,1
3707,到位 ,1
3445,监理,1
3350,国家 ,1
2593,上浮,1
3444,部令,1
3679,传播,1
2591,关青,1
2590,号角,1
2588,钢筋,1
3421, 抗寒 ,1
2587,声 ,1
3399, VLOG ,1
2586,敲击,1
3680,预警信,1
3681,文明史,1
3682,金融,1
3443,勘查,1
2585, 铁锤,1
3351,使命 ,1
2484,解局,1
2485,总裁,1
3352,冲锋,1
2597,冰湖,1
3174,毛量,1
2783,经纬,1
3574,培育 ,1
3213,舞台,1
3212,竞 秀 ,1
3576, 命脉,1
3059,南下,1
3575,类别,1
3506,端砚,1
3211,冲击 ,1
3509,众,1
3210,繁花 ,1
3507,研墨书,1
3573,名称,1
3062, 协调 ,1
3063,总指挥,1
3508,石砚,1
3214,枝头,1
3058, 寒潮  级,1
3577, 命脉 ,1
3505,举子,1
3057,03 11 15 03 00,1
3215,香,1
3056,起步区,1
3578,杜马,1
3055,新区,1
3054,资料 ,1
3053,蓄滞洪区,1
3579,议员,1
3052,规程,1
3580,说法,1
3050,我部,1
3504,端砚 ,1
3581, 暴风 ,1
3064,省政,1
3065,时代,1
3048,监管,1
3205,刺骨,1
3566,高中心,1
3206,雪夜 ,1
3079, 本,1
3080,防治资,1
3081,安能,1
3565,花型,1
3204,脸,1
3066,特色,1
3203,脚踝 ,1
3202, 积雪,1
3201,域内,1
3083,提示 ,1
3084,本页 ,1
3085, 10 ,1
3567,习性,1
3514,行人 ,1
3077,预算法,1
3075,财政,1
3568,Charlotte,1
3513,驾乘,1
3569,商用,1
3512,卡口,1
3072, 粮食,1
3570,别名,1
3511,卡口 ,1
3510,龙招,1
3571, 灌木  ,1
3069,集体,1
3208,花,1
3572,注册,1
3209,前期,1
3582,大部 ,1
3503,史,1
3087,主办,1
3018,防灭火,1
3225,劝导,1
3014,复核,1
3224,疏导 ,1
3015,县 ,1
3016, 区 ,1
3223,警令 ,1
3019,父辈们,1
3024,公民,1
3020,危机 ,1
3590,依托,1
3222,雪情,1
3021,感知 ,1
3022,认知,1
3501,风流  ,1
3500,奇石 ,1
3226,中期,1
3011,路径,1
3010,疏散,1
3009,信号,1
3591,学者,1
3008,线上,1
3007,场所,1
3227,前期 ,1
3006,避难,1
3499,冬汛 ,1
3003, 北方,1
3002,习近,1
3592,咨询师,1
3228,后期,1
3593,精神科,1
3229,答案,1
3023,当下,1
3025,招宾馆,1
3047,事,1
3042,省政府,1
3037,牢牢,1
3585,小组 ,1
3038,你厅,1
3039,联席,1
3219,节拍,1
3041,应急 ,1
3218,韵律,1
3026,会议厅,1
3584,干预,1
3044,财政厅,1
3217,冬雨,1
3045,工作厅,1
3216,盛气 ,1
3046,际,1
3036,减灾 ,1
3035,理念,1
3034,增产 ,1
3033, 减灾,1
3032,丰收 ,1
3586,援助,1
3220,雪景图,1
3587,创伤,1
3502,古城,1
3588,青年,1
3031,准备 ,1
3030,备战 ,1
3029,救援局,1
3221,积雪,1
3028,提问,1
3589,创新,1
3027,司局,1
3086,网站 ,1
3088,前方,1
2785,物业站,1
3536,网课,1
3538,寒气,1
3537,早晨,1
3183,  1,1
3144,月季 ,1
3145,初心战,1
3182,鼠疫,1
3146,凝聚力,1
3532,市道,1
3147,力争,1
3148,答卷,1
3535,学生们,1
3150,减量控,1
3151, 分 局,1
3534,室友,1
3143,抗寒,1
3142,抗寒性,1
3141,种植者,1
3521,部队 ,1
3139,边,1
3539,老师,1
3540,方桌 ,1
3138,实话,1
3137,出行 ,1
3136,分园,1
3185,小将,1
3520,起 ,1
3135,幼儿园,1
3134,季,1
3133,撤离,1
3541,板凳 ,1
3132,储备量,1
3533,女性 ,1
3152,高站位,1
3542,教材 ,1
3523,统帅,1
3529,电线杆,1
3528,庆乐线,1
3164,存在,1
3165,网红,1
3166,词 ,1
3527,服务队,1
3169,秋,1
3153, 打出,1
3170,老家,1
3175,毛发 ,1
3526,供电 ,1
3524,支持,1
3172,家猫,1
3525,电杆,1
3163,寒冷,1
3162,网红 ,1
3177,密度,1
3178,多,1
3161,心心,1
3160,试问,1
3179,密度 ,1
3180,死伤,1
3530,断裂 ,1
3159,舞蹈 ,1
3158,外衣 ,1
3531,女性,1
3181,大厦,1
3522,预备队 ,1
3156,前列,1
3155,拳  ,1
3154,组合,1
3131,过冬,1
3130, 印军,1
3200,班子,1
3517,打击,1
3103,国家主席 ,1
3516,苏军,1
3105,高度,1
3558, 履带式,1
3106,防范期,1
3557,拖车 ,1
3556,耐受度,1
3112,追责,1
3555,伪装服,1
3107,松材,1
3554,穿着,1
3109,林业,1
3110,草原局,1
3193,京少,1
3102,岔沟组,1
3194,开球,1
3195,仪式,1
3560,北门,1
3561, 露露  ,1
3100,遇难 ,1
3515,面罩,1
3099,奇马 ,1
3098, 利,1
3097,帅帅 ,1
3562,温情 ,1
3095,内涝 ,1
3196,颁奖,1
3197,典礼,1
3563,姓名,1
3198,  继,1
3199,冻雨 ,1
3111,督办,1
3518, 台风,1
3186,足协,1
3544,电脑 ,1
3191,联赛 ,1
3548,瞄准镜,1
3547,光学,1
3546, ACOG,1
3126,广元,1
3545,卡宾枪,1
3543,笔记本,1
3113,总则,1
3127,供电所,1
3190,俱乐部,1
3189,青少年,1
3129,突击队,1
3188,小将 ,1
3187, 记者,1
3125,国网,1
3192, 京少,1
3124,素裹,1
3123,夜间,1
3122,摄,1
3121,秘书长,1
3120,吹风会,1
3119,党政,1
3118, 国办,1
3117,附则,1
3550,指挥所,1
3116,追责 ,1
3115, 督办,1
3114,认定,1
3519,运筹帷幄 ,1
3552,警戒 ,1
3553,驾驶员,1
3230, 灵语,1
2998,概况,1
3498,自然灾,1
2862,上游,1
2856,伤害,1
2857,补偿,1
2858,期限,1
2859, 雨区,1
2860, 图们,1
2861,江 ,1
3278,多 分布,1
2871,车子,1
2864,机构 ,1
2865,坝闸 ,1
3277,世界上,1
2867,愚公,1
3276,防范 ,1
2869,斑马线,1
3629,外交部,1
2855,人身,1
3630,偏见 ,1
3631,偏见,1
3279,大陆,1
2854,意外,1
2853,老百姓,1
3280,群 ,1
2852,普查涉,1
2851,分布 ,1
2850,种类,1
3281,环境部,1
3632,门诊,1
2848,特,1
2847,隐蔽性,1
3485,再保险,1
3484, 煤,1
2870,不文明,1
3628,岁月,1
2846,危害 ,1
2888, 执勤,1
3272,高度 ,1
3271,梦,1
3270,复兴,1
3624,高,1
2887,结冰 ,1
3269,奋斗,1
2889,练兵 ,1
2872,停止,1
2890,处突,1
2891,老军,1
3268,执政,1
3623,低,1
3622, 40 ,1
2893,辅警 ,1
3625,风电塔筒,1
2886,特战,1
2884,跳伞,1
2883,空中,1
2882,侦察,1
3626,塔杆 ,1
2881,跳伞 ,1
3627,风电,1
3488,数额,1
2879,特战旅,1
2878,集团军,1
2877,指令,1
2876, 12 1614 ,1
2875,端 ,1
3275, 修订,1
2873,特种兵,1
3486,股吧 ,1
3282,发函 ,1
3633,病房,1
3594,医生 ,1
2806,警灯,1
2799,承运,1
2800,承诺,1
2801,热情,1
2802,斗志,1
2804,街区,1
3173,区别,1
2807,安心,1
2814,服务局,1
2808,暖意,1
3292,风速,1
2810,毕业生,1
3637,城投,1
3291,狂风 ,1
2812,群体,1
3294,测 ,1
3295,风向,1
2798,外运,1
2797,城管,1
3639,枝干,1
3640,尖刺 ,1
3296,平面,1
3479,安监局,1
3641,生命力,1
3642,花卉,1
2792,发现 ,1
2790,管线,1
3477,除涝,1
2789,查看 ,1
3643,植物,1
2788,实地,1
2787,业主,1
2813,人才,1
2815,招,1
2845,院长,1
3483,深部,1
3481,验收,1
3482,监察局,1
3286,辐射,1
3634,租宾馆,1
3284,管控,1
2836,截图,1
2837,央广网,1
3636,壹点,1
2839,全,1
2840,旅游季,1
2841,朋友们,1
2842,   声,1
2843,  会,1
3283,警觉 ,1
2832,  二 ,1
2831,安全感,1
2830,幸福感 ,1
2829,获得感,1
2828,大局 ,1
2826,覆盖率,1
3635,者,1
2824,关工委,1
2823,路上,1
2821,热心 ,1
3288,疑点,1
2819,初雪,1
2818,督察,1
2817,年纪,1
3289,盲点 ,1
3290,空白区,1
3480,示范 ,1
2894,契机 ,1
2895,背阴面,1
2896,延安,1
2962,中文,1
2957,广告 ,1
2958,广告,1
3243,减灾院,1
2959,CCTV 1,1
2960,综合 ,1
2961,综艺 ,1
2963, CCTV 5,1
2971,改革委,1
3242,院务,1
2966,河水,1
2967,泛滥,1
2968,心肺,1
3240,师范,1
2969, 世卫,1
2956,天下,1
2955,  朝闻,1
2954,直播间,1
3417,凛冬战,1
2953,访谈,1
3244,旱情,1
3245,小康,1
3493,响应 ,1
2952,焦点,1
3247,复函,1
3248,函 ,1
2951,联播,1
3249,政文 ,1
2950, 52 ,1
3250, 收悉 ,1
2949,央视网,1
2948,救灾 ,1
2970,信息 ,1
3239,零下 ,1
3267,国计民生,1
3497, 请,1
3601,办公会,1
3600,为,1
3495,重大,1
3598,经济学界,1
3496, 印,1
3232,动物,1
3597,科学家们,1
3238,西多地,1
2993,委员 ,1
2994,思想 ,1
3596,脆弱性,1
2995,主持,1
2996,作动员,1
3595,义工,1
2987,提问 ,1
3234,公开赛,1
3602, 办法,1
2984, 852 ,1
3235,愿景,1
2983,06 28 08 06 00,1
2982,同比,1
2981,端午节,1
2980,贫,1
2979,贫困,1
3603,类,1
2978,扶贫办,1
3236,篮协,1
2977,脱贫,1
3494, 灾,1
3237,零度线,1
2974,国家防总,1
2946,调度 ,1
2945,运营商 ,1
3492,仓库,1
2913,胎,1
3265,健康委 ,1
3618,老年人,1
2910,女子,1
2911,自家,1
2912,产子,1
3264,首,1
2914,崽 ,1
3252,应对法,1
2915,打火机,1
2916,美女,1
3617,眼镜 ,1
3263,副委员长,1
2917,公文箱,1
2918,男友,1
2909,50 ,1
3490,区域内,1
3619,摄氏,1
2908,抛锚 ,1
3620, 寒冷,1
2907,半路车,1
3621,等级表,1
3489,物流,1
2906,捷径,1
2905,工作面,1
2904,入冬,1
2903,电站 ,1
2902,转换 ,1
2901,价值,1
2900,效益 ,1
2899,响声 ,1
2898,水泥地,1
2919, 练,1
2920,战 ,1
2921,招呼,1
2935,治疗,1
2944,剂 ,1
3612,点位,1
3613,健康码,1
2943,融雪,1
3254,防洪法,1
2942,养护所,1
2941,工区,1
2940, 养护,1
2939, 养护所,1
3614,操作 ,1
2938,温度 ,1
3615,雾气,1
2937,产大队,1
2936,人心,1
2934,拔罐,1
3616,眼镜,1
3255,人工,1
2933,推拿,1
2932,针灸 ,1
2931,中药,1
2930, 外科,1
2929,内科,1
2928,中医,1
3256,防火,1
2923,井下,1
3491,危险品,1
3260,管辖,1
3261,人大,1
3262,常委会,1
2922,矿业,1
2424,用水量,1
1858,互助 ,1
2422, 水表,1
974,播放,1
1035,街道 ,1
1039,巡管,1
1040,整合,1
1042,交通 ,1
1043,山洪沟,1
1047,管理区,1
1048,发言 ,1
1049,情报,1
1055,责任人 ,1
1058,会上,1
1063,修编,1
1064,报区,1
1065,防指,1
1066,批复 ,1
1067,抗洪,1
1068,实际 ,1
1071,我厅,1
1034,科室 ,1
1032,融,1
1031,探测,1
987,教育局,1
977,分辨率,1
979,宽高,1
980,音量,1
981,0  ,1
983,smtcdns,1
984, com ,1
986,运输局,1
988,系统 ,1
1027,集中区,1
991,开江,1
1015,公示 ,1
1016,先进 ,1
1017,成绩,1
1018,表扬 ,1
1019,推荐,1
1026,督导组,1
1073,门户,1
1077,风暴潮,1
1078,防御区,1
1117,11 ,1
1108,葡萄酒,1
1110,酒农们,1
1111,葡萄田,1
1112,篝火 ,1
1113,加温 ,1
1114,不眠之夜,1
1115,葡萄酒业,1
1118,葡萄园,1
1103,备战,1
1119,舰上,1
1120,损管,1
1122,燃油,1
1123,管道 ,1
1124,机舱,1
1128, 印方,1
1129,上半身,1
1105,总站,1
1102,全  ,1
1079,征求,1
1091, 下设,1
1080,稿,1
1082,意见 ,1
1083,反馈,1
1085,粮食 ,1
1086,推移,1
1089,天灾 ,1
1090,饥荒,1
1092,预警组,1
1101,审查,1
1093,调度组,1
1094, 抢险,1
1096,保障组,1
1097,报送组,1
1098, 汛,1
1099,控制,1
1100,运用,1
976,chromehls ,1
973,bod6 ,1
1133,媒,1
972,画中画,1
868,气 输,1
870,西北角,1
872,烟雾,1
873,土地 ,1
876,居住 ,1
877,古代 ,1
879,官员,1
880,欺负,1
881,史料,1
882,提示,1
884,建筑 ,1
885,大忙 ,1
886,穷人,1
888,庇护所,1
889,乞丐,1
890, 鸡毛房 ,1
891,冻 ,1
866,存量,1
865,增补,1
859,商务局,1
836,乡镇 ,1
823,包组,1
824,中标,1
825,金额,1
830,我局,1
832,月份,1
834,堡垒,1
835,区防办,1
839,底下,1
856,模范 ,1
841,查阅,1
844,现场 ,1
848,商户,1
849,市容,1
850,市貌 ,1
853,实事 ,1
855,先锋,1
892,商机 ,1
893,旅店,1
894,老板 ,1
944,产量,1
936, 悬崖,1
937,片场,1
939,演员,1
940,短视频,1
941,侧面,1
942,态度,1
943,即 ,1
948,冷害,1
934,导演,1
950,水利厅,1
951,农村厅 省,1
953,建设厅,1
957, 局地,1
967,本页,1
970,页,1
971,安置房,1
935,妻子,1
933,网讯 ,1
901,基础 ,1
915,身躯,1
904,训练 ,1
907,磨练,1
908,钢铁,1
910,东西,1
912,脚印 ,1
913,行礼箱,1
914,轨迹,1
917,一生,1
930,棕熊,1
921,豹子,1
922,孤狼,1
923, 孤狼,1
924, 猞猁,1
926,爬山 ,1
927,饥饿,1
928,捕食者,1
1130,蒸汽,1
1134,财政局,1
1424,后缘,1
1287,保暖 ,1
1325,回升,1
1326,4 ,1
1328,断水,1
1332,美媒,1
1337,邮报 ,1
1340,州委,1
1341,识灾 ,1
1342,防灾 ,1
1343,避灾 ,1
1344,速报,1
1345, 州,1
1346,自然资,1
1347, 蓝色,1
1349,新闻办,1
1350,气象日,1
1351,河北,1
1355,风 ,1
1321,系,1
1319,编译 ,1
1318,实习,1
1301,太阳能,1
1289,车库,1
1290,利用,1
1291,风暴 ,1
1292,停电 ,1
1295,家人,1
1296,死因,1
1300,德州人,1
1302,屋顶,1
1316,选项 ,1
1303,新能荟 ,1
1304,立场,1
1307,断电,1
1308,一辈子,1
1309,伤口 ,1
1312,电价,1
1314,账单,1
1357,大雾,1
1358,突,1
1360,表现场,1
1408,果业,1
1395,地下室,1
1396,安装,1
1397,装修,1
1398, B区,1
1399,结构,1
1400,前提,1
1407,市委 ,1
1409,谣言 ,1
1393, 外,1
1410,科技 ,1
1413,记录,1
1416,防范局,1
1417,坍塌,1
1418,镇防,1
1419,指指挥长,1
1421,帷幕,1
1394,保温,1
1391, A区,1
1361,畅姿,1
1376,雨鞋,1
1364,拉动,1
1365, 战勤,1
1370,经济报,1
1372,出品,1
1373,阴晴,1
1374, 外套,1
1375, 雨伞,1
1380, 火山,1
1389,区委,1
1382,内部,1
1383,地壳,1
1384,变动 ,1
1385,周围,1
1386,爆发 ,1
1387,口子,1
1388,安置点,1
1288,煤气炉,1
1282, 伤亡,1
1137,边境线,1
1281,当局,1
1169,执勤保,1
1176,大地 ,1
1177,喜,1
1185,烈日,1
1186,雪雨,1
1188,德政,1
1189,降雪 ,1
1190,行人,1
1191,农商,1
1192,银行,1
1193,网点,1
1194,扫雪,1
1195,劳动 ,1
1197,铁锹 ,1
1198,扫帚,1
1201,清 ,1
1202,门,1
1168, 雪天,1
1166,前脸,1
1165,黑钻,1
1150,客厅,1
1139,压力,1
1140,氧气,1
1141,含量,1
1144,体力,1
1145,消耗,1
1147,伙,1
1148,上门版,1
1151,高温,1
1164,星辰,1
1153, 02 2521 06,1
1155,玩家版,1
1156,研发,1
1157,匠心,1
1158,品质,1
1159,造车,1
1162,造型,1
1208,秘书,1
1213,方便面,1
1214,高山 ,1
1263,停产,1
1254,消耗 ,1
1255,树叶,1
1256,树体,1
1257,动工,1
1258,供图 ,1
1259,  石,1
1262,复市,1
1266,角度,1
1252,物质,1
1267,遇,1
1271,家里,1
1272,电风扇,1
1274,小康网,1
1277,女儿家,1
1278,孙子,1
1280, 女儿,1
1253,果树,1
1247,作物 ,1
1215,四周,1
1226,味 ,1
1216,虫蠓,1
1217,省长,1
1218,白朝鲜族,1
1219,顺口溜 ,1
1223,市花,1
1224,山茶花 ,1
1225,山城人,1
1231,本地,1
1245,关 ,1
1233, 生活,1
1234,童谣   ,1
1235,黄桷,1
1236,山城,1
1238,国考,1
1240,对照,1
1243,程序 ,1
822, 包组,1
820,评分,1
819,信誉 ,1
325,星座,1
364,梅花,1
366,芳香,1
369,人情,1
372,贵族,1
374,亲信,1
375, 奴才,1
377,保卫战,1
378,兀术,1
381,减碳,1
384,能耗,1
389,PHI,1
390,预认证 ,1
391,预认证,1
393,雪上,1
394,运动,1
396,泳衣,1
397,滑雪,1
363,彩虹,1
361,苦 ,1
360,路 ,1
343,浇筑,1
331,审计,1
334,棉被 ,1
335,毡子,1
336,桥面,1
337, 炭,1
338,火炉,1
340, 边,1
346,应变 ,1
359,论文,1
347,势 ,1
349,信心,1
350,格局,1
351,营商,1
353,重责 ,1
354,埋头,1
355,抬头,1
401,骂声,1
402, 政,1
403,名宿,1
452,里 ,1
439,山路,1
441,风餐露宿 ,1
442,研究区,1
445,进出口,1
447,斜坡,1
448,发育,1
451,丛林,1
453,科考站,1
433,峡谷区,1
458,观测站,1
462,研究站,1
464,岗,1
466,黑风 ,1
468, 行人,1
469,迷途 ,1
470,坑堑,1
434, 科考,1
432,高山,1
404,开炮 ,1
417,软枣,1
405,球迷,1
406,界限,1
407, APP,1
411,告急 ,1
413,APP,1
414,专享,1
415,观察者,1
418,猕猴桃,1
429,科考,1
421,百香果 ,1
423,架子,1
424,通风,1
425,病虫害,1
426,成活率,1
427,绿萝 ,1
428,地瓜,1
326,运河,1
322,事实,1
818,三队,1
320,心境,1
90,商会,1
95,事宜,1
96,讨论 ,1
103, 村庄,1
110,选址,1
111,危险,1
114,风险点,1
146,总河长,1
148,巡河,1
151,站位 ,1
161,批示 ,1
168,保护站,1
170,一行 ,1
181,汛  ,1
182,自查,1
184,到来,1
187,高发期 ,1
81,沙尘暴,1
80,地带,1
78,戈壁,1
37, 二,1
9, 确保,1
16, 防 ,1
17, 救 ,1
18,链条,1
19,对接 ,1
25, 一,1
33,进展,1
41,视,1
72,事儿 ,1
48,沿江,1
50,监控 ,1
53,专人,1
55,巡视 ,1
58,水情 ,1
59,凌情,1
70,蝗灾 ,1
196, 闪电,1
197,火药,1
198,堡垒 ,1
299,气象学家,1
274,堤防,1
275,海塘,1
277,座谈,1
282,调度会,1
286,镇长,1
290,发改局,1
291,参,1
303,伤害 ,1
268,人保,1
304, 南方,1
309,后方,1
310,安宁 ,1
313,军人 ,1
314,和平,1
315,高处,1
316,绝顶 ,1
269,财险,1
265,致灾,1
201,生命 ,1
215,指南 ,1
202,避雷针,1
203,教会,1
204,它 ,1
205,私人,1
208,指南,1
209, 指南  ,1
212,标准化,1
228,召开,1
258, 副区长,1
232,县长,1
235,动员 ,1
236,死守 ,1
240,春旱,1
241,春汛,1
248,多措并举 ,1
254,火险,1
471,死伤 ,1
472,夜方,1
473,道光,1
474,大黄风 ,1
707,实效 ,1
711,教授,1
712,地矿局,1
713,地质队,1
714,调队,1
715,冶金,1
716,605队 ,1
718,卡,1
719,表,1
720,专职,1
721,司法局,1
722,立法科,1
724,立法,1
729,完善,1
730,实施,1
736,担当,1
739,均值,1
706,避灾,1
703,公众号 ,1
700,天路滑 ,1
665,沟通 ,1
649,农贸,1
651,密集区,1
657,栏目组,1
658,直播,1
659,间 ,1
662,修复,1
663, 耕地,1
678,救援司,1
696,赤霉病,1
682,阳产,1
685,监测员,1
687,宣讲,1
690,会场,1
691,市地质,1
692, 团,1
695,代表 ,1
740,涝,1
741,交替 ,1
743,同期,1
803,物探,1
791,壁垒,1
796,防护区,1
798,所 ,1
799,村委会 ,1
800,矿山,1
801,总局,1
802,勘查院,1
804,勘察,1
789,痛点 ,1
805,设计院,1
807,设计书,1
811,雨水情,1
813,集中,1
814,发生期,1
816,往年,1
817, 地质,1
790,放矢,1
788,聚焦,1
744,夏旱,1
755,饥民,1
745,人间,1
749,国祚,1
750,预兆,1
751, 蝗灾,1
752, 鼠疫,1
753,赤地,1
754, 草叶,1
756,子,1
787,位 ,1
757,事情,1
761,来临,1
765,加入,1
766,增强 ,1
772,转载,1
778,权属,1
786,政治站,1
644, 水库,1
643,山塘,1
641,屏障,1
527,棉区,1
514,兴趣,1
515,文章 ,1
516, 收藏 ,1
517,点赞 ,1
521,爆料,1
522, OPPO,1
524,模块 ,1
532,出苗,1
512,海啸 ,1
533,生长,1
534,春播,1
536,棉田,1
542,卫生院,1
544,田坝里,1
549,房屋 ,1
550,前面,1
513,键,1
511, 六 ,1
553,约定,1
488,宣传册 ,1
477,昼,1
478,黑夜,1
479,光绪,1
484,修路,1
485,支护,1
486,教训,1
487,建房户,1
489,分站,1
508,滑坡 ,1
498,海岸线,1
499,移动,1
500,下面,1
501,动图,1
504, 二 ,1
505, 三 ,1
507, 四 ,1
551,父亲,1
554, 信守,1
639,互救,1
613,管理署,1
592,局,1
593,股室,1
597,所,1
600,治理点,1
602,节目,1
607,科长,1
612,主席国,1
616,早期,1
586,成员 ,1
619,议题,1
622,支持 ,1
623,项,1
625,县域,1
627,中小学,1
634,泥石流 ,1
635,科教,1
588,防风,1
584,指办,1
555,诺言 ,1
567,温泉,1
557,心爱,1
558,女人,1
560,船,1
561,药 ,1
562,外面,1
563,伙伴们,1
564,当地人,1
568,酒吧,1
583,回顾,1
569,压力 ,1
570,时光 ,1
571,居住,1
572,丰,1
578,推演,1
579,以下,1
581,联络员,1
1423,模拟,1
1426,前缘,1
2421,五育,1
2036,警官,1
2073,送气量,1
2074,峰值 ,1
2075,西气,1
2077,输管网,1
2078,沿线,1
2079,用气,1
2080,维护人,1
2081, 他,1
2082,保畅 ,1
2083,他人,1
2084,暖人心,1
2085,光 ,1
2086,冬 ,1
2087,他 ,1
2088,冰点,1
2089, 体感,1
2092,奥,1
2072,需求量,1
2071,国内,1
2061,瘫痪,1
2046,抢修科,1
2038,节日 ,1
2039,交警们,1
2040,5 ,1
2041,外语,1
2042,门口 ,1
2044,抢修车,1
2045,目的地,1
2047,老师傅,1
2059,摘编,1
2048, 有,1
2050,破裂,1
2051,楼梯,1
2052,过道,1
2055,消息网,1
2056, 题,1
2058,质疑,1
2093,声,1
2094,存,1
2095,误区,1
2136,摸清,1
2129,高新区,1
2130,防冻 ,1
2131,防滑 ,1
2132,坠落,1
2133,坍塌 ,1
2134,宿舍,1
2135,重点 ,1
2138,通报,1
2127,断轨,1
2139,交管,1
2144,团雾,1
2145,恶,1
2147,电暖器,1
2148,泪眼,1
2149, 寒潮,1
2150,室温,1
2128,报警,1
2126,巡检 ,1
2096,忠诚 ,1
2108,中心市,1
2098,民 ,1
2099,训词,1
2101,园站,1
2102,情绪,1
2103, 队站,1
2105,环境 ,1
2106,脑筋,1
2109,分中心,1
2123,线路 ,1
2110,急救员,1
2113,心衰,1
2117,抬担架,1
2118,职工们,1
2119,钢轨,1
2120,探伤,1
2121,哈气,1
2037, 们 ,1
2034, 速冻 ,1
2152,窗帘 ,1
2033,体验 ,1
1945,推进会,1
1946,厂长,1
1948,重任,1
1949,反弹,1
1952, 乡村,1
1953,振兴,1
1959,寒夜,1
1961,方向,1
1962,闪,1
1963,路政,1
1964,标志,1
1965,桶,1
1966,铜墙铁壁 ,1
1970,联控,1
1971,查验点,1
1972, 劝返,1
1973,台 ,1
1944,供气,1
1943,高峰期,1
1940,屋面,1
1928, 科学 ,1
1917,旅行网,1
1918,学龄 ,1
1919,门派,1
1920,诨号 ,1
1923,呼啸,1
1925,标,1
1927, 攻坚克,1
1929,高效 ,1
1939,作业 ,1
1930,大干,1
1931,热潮 ,1
1932, 品质,1
1933,节点,1
1934, 为,1
1937,工程局,1
1938,工人们,1
1974,证件 ,1
1975,海边风,1
1976,浪,1
2021,布 ,1
2007,干细胞,1
2008,种子 ,1
2009,白血病,1
2011,体内,1
2012,细胞 ,1
2013,双盲,1
2014,孩子 ,1
2022,半球,1
2003,单检,1
2023,电池,1
2025,缩水,1
2026, 车企,1
2028,折扣,1
2029,电动车主,1
2030,童话,1
2031,王国,1
2005,解放军,1
2002,结果 ,1
1978,海滩,1
1987,交叉口,1
1979,冬泳 ,1
1981,泳装,1
1982,热身,1
1983,大海,1
1984,锻炼,1
1985,本地人,1
1986,体验,1
1988,节假日,1
2001,混检,1
1989,下班,1
1990,身份,1
1991,街头巷尾,1
1995,抗疫,1
1997,1 1,1
1998,1 5,1
1999,10,1
2151,老人家,1
2157,片 ,1
1428,滑塌,1
2309,贡献,1
2347,调研 ,1
2348,研讨,1
2349,解决,1
2350,交运,1
2351,核电站,1
2353,核武器,1
2354,想象,1
2357,半导体,1
2359,地缘,1
2360,干扰,1
2362,芯片 ,1
2364,收入,1
2366,馆长,1
2367,交流馆,1
2369,英国人,1
2370,参观者,1
2372,氛围,1
2346,代县长,1
2341,我省,1
2340,作战,1
2323,阵风,1
2311,站口,1
2312,图册,1
2314, 24  ,1
2319,俗话,1
2320,小寒,1
2321, 夜间,1
2322,北风 ,1
2325,防风 ,1
2338,防洪堤,1
2329,传闻,1
2330,战地 ,1
2332,可能性,1
2334,下游,1
2335,河道,1
2336,管护,1
2337,北岸,1
2373,宣传品,1
2374,会议室,1
2375,地勘处,1
2412,感恩,1
2400,名将,1
2401,西域,1
2402,长城,1
2407, 呕心沥血,1
2408,果 ,1
2409,锦旗,1
2410,中学校,1
2413,情,1
2398,总兵官,1
2414,长期,1
2415,德育,1
2416,先 ,1
2417,德,1
2418,智 体,1
2419, 美 ,1
2420,劳 ,1
2399,都督,1
2397,太监,1
2376,调研员,1
2385,面,1
2377,事务,1
2378,总规划师,1
2379, 拖车,1
2380, 桥面,1
2382,眉毛,1
2383, 睫毛,1
2384,冰碴,1
2386,冰霜 张,1
2396,巡抚,1
2387,俄罗斯人,1
2389,海外网 ,1
2391,供水 ,1
2392,警报,1
2393,动物园,1
2394,狐猴  ,1
2395,都御史,1
2310,服务区,1
2308,畅通 ,1
2163,影片,1
2305,公交,1
2205, 西,1
2206,损坏,1
2207,灾民,1
2208,帐篷,1
2209, 毯子,1
2211,搜救,1
2212,继,1
2217,丘陵区,1
2218,陡边坡,1
2222, 明,1
2223,监管局,1
2225,屠宰 ,1
2231,车流量,1
2233,疏导,1
2234,岗 ,1
2235,护学岗,1
2237, 口粮 ,1
2204,署长,1
2200,国铁,1
2195, 银,1
2171,拍摄,1
2164,友情 ,1
2165,交织 ,1
2166,暑期,1
2167,巨制 ,1
2168, 白客 ,1
2169, 自,1
2170,业界,1
2172,花絮,1
2191,农村部 ,1
2173,热搜榜 ,1
2174,大众,1
2178,沙尘暴 ,1
2179,收成,1
2182,灾荒,1
2183,年间,1
2185,储备,1
2238,热源,1
2239, 热网,1
2241,锅炉,1
2292,警备区,1
2281, 挑战,1
2283,6 8 ,1
2286,校 ,1
2287,校门口,1
2288,心情,1
2289,大风  ,1
2290,冰冻  ,1
2293,本领,1
2278,高铁,1
2298,途经,1
2299,勘查 ,1
2300,险情 ,1
2301,车队,1
2302,线长,1
2303,微信 ,1
2304,沟通,1
2279,家族,1
2277,动车,1
2242,机组,1
2260,台港澳办,1
2248,制定,1
2250,工,1
2251,晨报 ,1
2252,百家号 ,1
2256,分拣处 ,1
2258,大衣,1
2259,保障局,1
2263,走访,1
2276,动车段,1
2265,村委,1
2266,组长,1
2267,员工,1
2271,骤降,1
2272,运行 ,1
2274,四方,1
2275,时速,1
1916,同程,1
1915,姓名 ,1
1914, 文 ,1
1561,包   ,1
1589,字,1
1590,旅,1
1591, 夜,1
1592,战场,1
1593,决胜地 ,1
1594,战鹰,1
1595,铁翼 ,1
1596,夜空 ,1
1597,暗夜,1
1599,低空,1
1600,航行,1
1601,编队,1
1602,飞行 ,1
1603,陆,1
1606,严寒 励,1
1610,警务,1
1613,特警,1
1588,大门,1
1586,修理,1
1585,灯光,1
1571, 队员们,1
1563, 雪车,1
1564,集训队,1
1565,副领队,1
1566,国外,1
1568,运动员们,1
1569,脚,1
1570,知觉,1
1572,比赛,1
1584,心血  ,1
1574,心态 ,1
1576,运动员,1
1577,前所,1
1579,采油,1
1581,作业区,1
1582, 元老,1
1583,气井,1
1615, 全力,1
1620,距离,1
1621, 网格员,1
1664, 州委,1
1652,周边 ,1
1653,处护网,1
1654, 牲畜,1
1655,土堆,1
1660,勤务,1
1662,高火,1
1663,险期,1
1665, 州长,1
1650,石料,1
1666,防,1
1669,督导 ,1
1670,群治,1
1671,末端,1
1672,发力,1
1674,见效,1
1675,行,1
1651,护网,1
1649,巡线,1
1622,卫士,1
1636,朋友圈,1
1623,车城,1
1624,网格员们,1
1627,无私,1
1631,摄  ,1
1633,声音,1
1634,公安版,1
1635,声音 ,1
1638, 寒风,1
1648,铁路线,1
1640,岛屿,1
1641,游客,1
1642,河流 ,1
1643,东麓,1
1645,沟河,1
1646,沙漠,1
1647,边缘,1
1562,关心 ,1
1559,早餐券,1
1913,沿岸,1
1557,发放,1
1471,名城,1
1473,文旅局,1
1474,社交,1
1476,帖子,1
1478,优化,1
1479,部件,1
1481,铬,1
1482,钼,1
1483,合金,1
1484,螺栓,1
1485, 螺母  ,1
1487, 硅,1
1488,封条,1
1489,硅,1
1490,橡胶,1
1491,密封,1
1492,铁道线,1
1469,献礼 ,1
1467,建党,1
1466,气氛 ,1
1444,蓄水  据,1
1430,火车,1
1431,票 ,1
1432, 互联网,1
1433,方式 ,1
1436,假期 ,1
1438,云团,1
1439,我市,1
1447,到,1
1465,节日,1
1449,注意,1
1454, 试行 ,1
1457,表格,1
1459, 南,1
1461,组委会,1
1462,宽城区委,1
1463,主旨,1
1498, 护,1
1499,稳定,1
1500,雪花 ,1
1541,遇险,1
1531,甜膏冲,1
1533,肚子,1
1534,杯子,1
1535,身子,1
1536,甜膏,1
1537,手套,1
1539, 雨雪,1
1542,水域,1
1528,严寒战,1
1543,救援队,1
1544,潜水员,1
1547,潜水,1
1548,教练,1
1551,基金会,1
1552,关爱,1
1556,温暖包,1
1530,归来 ,1
1527,胜利,1
1502,各地,1
1514,睫毛,1
1504,疫情 ,1
1505,毅力,1
1506,冰雪 ,1
1507,微笑,1
1508,困难 ,1
1510,荧光绿,1
1511,火焰,1
1515,警帽,1
1526,万千 ,1
1516,冰霜 ,1
1517,苍穹,1
1519,能见度,1
1520, 气,1
1522, 疫 线,1
1523,缩影,1
1525, 护身,1
1676,近,1
1679,公安部 ,1
1683,帐号 ,1
1685,天山 ,1
1832,因纽特人,1
1833,爱斯基摩人,1
1834,黄种人,1
1835,病毒,1
1836,肺炎,1
1837,心 ,1
1838,硝烟,1
1839,医务,1
1844,北半球,1
1845,资讯 ,1
1846, 01 1610 ,1
1847,人民网,1
1848,冬,1
1851,总队 ,1
1852,体,1
1853,主官,1
1854, 召,1
1831,奇迹,1
1830,地区 ,1
1829,大军 ,1
1813,门窗,1
1806,轮流,1
1807,施工 ,1
1808,保量,1
1809,零件,1
1810,房 ,1
1811,吊装,1
1812,后续,1
1814, 疫,1
1828,迁徙,1
1815,群像 ,1
1818,左,1
1821,家属楼,1
1822,小区,1
1823,卡点 ,1
1825,检测点,1
1827, 敌人,1
1857, 友爱 ,1
1859,进步 ,1
1860,许县,1
1898,首长,1
1888,选手,1
1889, 观赏性,1
1890,五位一体 ,1
1891,智能网联,1
1893,小巴,1
1894,环潭,1
1895,表演赛,1
1903,行军,1
1883,导线,1
1904,染毒区,1
1905,山林地,1
1907, 打,1
1909,暴雪 ,1
1910,受阻 ,1
1911,寒流 ,1
1912, 暴,1
1887,参赛 ,1
1882,高压,1
1861,税务局,1
1870,祖国,1
1862, 5 N ,1
1863,党日,1
1864,爱心 ,1
1866,军分区,1
1867,边防连,1
1868,官兵们,1
1869,20 ,1
1871,边防线,1
1881,对流,1
1872,边防,1
1873,爱,1
1874, 儿子 ,1
1875, 叔叔,1
1876,边关,1
1877,激光炮 ,1
1878,电线,1
1805,赛跑,1
1804,喻名团,1
1803,时报,1
1729,汛 ,1
1718,乡村,1
1720,全局,1
1721,村屯,1
1722,冷害 ,1
1723, 早,1
1726,版,1
1728, 早班车 ,1
1730, 04 16 08 05 ,1
1709,被植物 ,1
1731,新知,1
1733,房地产,1
1734,乱象,1
1735,高速,1
1736,通车,1
1738,诊疗,1
1740,海域,1
1711, 边坡,1
1708,草坪地,1
1743,平稳 ,1
1695,避洪台,1
1688, 2021 04 16 11 39 ,1
1689,政府 ,1
1690,浏览量,1
1691, 1 ,1
1692,山坡,1
1693,高地 ,1
1694,楼房 ,1
1696, 降雨,1
1707,树种,1
1697,造库,1
1698,领导 ,1
1699, 扎,1
1700, 客土,1
1701,边坡,1
1705,污染 ,1
1706,观赏性,1
1742,例会,1
1744,三防,1
1802,制定 ,1
1788, 消防 ,1
1778,西岸,1
1781,营业  ,1
1782,南郊,1
1783,观象台,1
1784, 5   ,1
1785,天气网,1
1787,分散性,1
1789, 国土,1
1770,扩大 ,1
1790,联动,1
1792,抵抗,1
1793, 响应 ,1
1795,恢复,1
1799,思路 ,1
1800, 县,1
1801,尺度,1
1771,时期 ,1
1769,应对 ,1
1745,森林防,1
1753,保障处,1
1746,化学品,1
1747,零事故,1
1748,参与,1
1749,热情 ,1
1750,意识 ,1
1751,幸福,1
1752,扫一扫,1
1754,专业化,1
1767,天灾人祸,1
1755,掌控,1
1756,准确性,1
1758,时效性,1
1762,终台,1
1763,上旬,1
1765,收效,1
1766,方,1
3716,里面,1
